DateTime,Source,Duration,PageViews,BounceRate,Device,Country,Revenue
2025-07-21T17:18:18.047358+00:00,Referral,3.39,20,81.0,Tablet,CA,0.0
2025-07-23T10:30:10.051318+00:00,Email,3.28,12,66.66,Mobile,AU,0.0
2025-06-27T19:21:31.052641+00:00,Display,1.95,12,80.85,Desktop,AU,0.0
2025-07-12T07:00:08.047734+00:00,Direct,3.7,7,9.79,Mobile,CA,0.0
2025-07-02T14:31:21.051485+00:00,Display,2.75,11,70.89,Desktop,CN,0.0
2025-07-24T22:12:26.048315+00:00,Email,0.05,11,58.92,Mobile,CA,81.41
2025-07-05T13:53:37.047048+00:00,Organic,3.07,25,40.85,Tablet,GB,0.0
2025-07-19T13:46:08.052608+00:00,Direct,3.0,19,58.26,Mobile,CN,0.0
2025-07-15T14:47:23.051704+00:00,Referral,7.13,6,53.53,Mobile,DE,0.0
2025-07-18T00:50:02.047923+00:00,Display,3.37,19,79.62,Tablet,CA,0.0
2025-07-07T03:06:24.051728+00:00,Email,0.6,18,50.0,Mobile,AU,0.0
2025-07-20T22:37:06.047739+00:00,Paid Search,5.94,3,48.57,Mobile,JP,0.0
2025-07-06T19:57:19.050639+00:00,Display,0.55,1,68.36,Tablet,GB,0.0
2025-06-28T08:06:12.048228+00:00,Paid Search,4.62,16,39.43,Mobile,AU,149.93
2025-07-01T05:11:09.052989+00:00,Email,6.64,8,62.04,Mobile,US,151.34
2025-07-05T04:48:18.050668+00:00,Email,3.32,7,54.83,Tablet,CA,108.16
2025-07-25T08:56:18.048419+00:00,Paid Search,5.36,25,32.18,Tablet,AU,0.0
2025-06-29T19:27:24.050533+00:00,Paid Search,4.96,5,47.95,Desktop,AU,0
2025-07-14T14:41:12.051241+00:00,Referral,4.14,25,40.56,Mobile,BR,0.0
2025-07-05T23:13:00.049024+00:00,Social,0.48,21,58.61,Desktop,CN,0.0
2025-07-21T10:56:32.052040+00:00,Organic,5.53,20,42.01,Desktop,CN,0.0
2025-07-25T23:06:00.050558+00:00,Paid Search,6.16,21,18.76,Mobile,FR,0.0
2025-06-30T10:55:45.047075+00:00,Social,2.47,7,73.92,Mobile,IN,0.0
2025-07-21T21:22:31.052603+00:00,Email,2.0,21,54.12,Mobile,JP,0.0
2025-07-16T17:30:26.052863+00:00,Referral,5.67,19,62.79,Mobile,US,0.0
2025-07-25T09:08:03.047609+00:00,Referral,3.83,4,60.4,Desktop,US,0.0
2025-07-03T20:24:17.052763+00:00,Paid Search,2.9,12,44.65,Desktop,FR,0.0
2025-06-30T17:25:02.049967+00:00,Display,2.58,19,70.11,Mobile,IN,0.0
2025-07-04T15:54:54.047691+00:00,Social,0.06,12,80.0,Mobile,CA,0.0
2025-06-28T11:30:25.049237+00:00,Paid Search,3.5,22,28.22,Mobile,CN,0.0
2025-07-06T02:49:10.048897+00:00,Organic,0.86,16,35.25,Desktop,BR,0.0
2025-07-10T19:36:29.050492+00:00,Referral,1.02,15,41.42,Desktop,DE,0.0
2025-07-14T19:30:43.047470+00:00,Referral,2.0,19,25.52,Desktop,AU,0.0
2025-07-23T16:27:14.050418+00:00,Referral,3.16,16,54.92,Mobile,CN,0.0
2025-07-04T09:56:23.049357+00:00,Direct,0.05,20,41.91,Mobile,FR,57.54
2025-07-10T20:50:04.047476+00:00,Direct,0.05,3,47.99,Desktop,IN,0.0
2025-07-15T05:14:02.047299+00:00,Referral,2.84,4,63.17,Tablet,DE,0.0
2025-07-22T14:46:58.052892+00:00,Referral,4.9,23,51.6,Tablet,FR,0.0
2025-07-16T20:34:48.050351+00:00,Email,2.75,14,60.05,Mobile,IN,0.0
2025-06-27T14:34:07.051617+00:00,Direct,2.87,8,43.94,Mobile,IN,0.0
2025-06-29T04:07:19.052191+00:00,Display,0.54,18,80.65,Mobile,JP,0.0
2025-07-03T19:40:47.048835+00:00,Paid Search,0.32,17,31.25,Mobile,GB,109.37
2025-07-15T22:06:33.051904+00:00,Display,0.05,6,85.52,Mobile,FR,0.0
2025-07-15T13:55:50.048193+00:00,Organic,4.61,6,33.19,Mobile,FR,0.0
2025-07-09T00:11:23.051060+00:00,Email,3.0,25,69.22,Mobile,GB,0.0
2025-07-17T09:10:56.049274+00:00,Organic,2.73,6,33.2,Tablet,IN,0.0
2025-07-20T03:24:24.047591+00:00,Email,6.34,7,60.78,Mobile,BR,34.15
2025-07-02T14:16:17.047622+00:00,Referral,3.18,7,71.22,Tablet,FR,0.0
2025-06-28T04:20:54.047645+00:00,Email,3.04,1,64.49,Mobile,US,0.0
2025-07-20T05:49:28.046909+00:00,Display,1.86,9,89.71,Tablet,FR,0.0
2025-07-07T17:54:44.048481+00:00,Email,2.96,16,72.04,Mobile,GB,0.0
2025-07-08T03:29:18.048452+00:00,Direct,3.01,1,60.38,Desktop,CA,0.0
2025-07-03T05:57:51.050798+00:00,Organic,2.3,20,11.12,Desktop,CN,0.0
2025-07-13T04:55:00.050742+00:00,Direct,1.18,3,23.09,Desktop,US,0.0
2025-07-03T16:49:39.048149+00:00,Organic,4.94,11,47.98,Mobile,DE,0.0
2025-07-11T16:04:15.049805+00:00,Display,0.2,18,82.55,Desktop,JP,0.0
2025-07-22T10:01:42.049507+00:00,Paid Search,6.74,7,47.37,Mobile,JP,68.34
2025-07-14T05:23:58.048177+00:00,Display,0.88,2,88.51,Mobile,GB,0.0
2025-07-14T21:25:58.051514+00:00,Paid Search,4.75,22,50.29,Mobile,AU,0.0
2025-07-20T20:16:25.048773+00:00,Organic,1.27,4,37.25,Mobile,GB,0.0
2025-07-16T09:19:59.051205+00:00,Organic,0.13,20,59.13,Mobile,IN,0.0
2025-07-24T07:47:55.047977+00:00,Organic,4.73,9,63.5,Desktop,BR,0.0
2025-07-22T14:36:32.052362+00:00,Direct,2.36,20,31.35,Mobile,AU,0.0
2025-07-15T10:52:38.051381+00:00,Paid Search,5.89,5,41.22,Mobile,IN,0.0
2025-07-02T09:45:20.050148+00:00,Email,1.54,9,56.25,Mobile,CA,0.0
2025-07-18T23:04:21.052381+00:00,Referral,1.3,24,89.72,Desktop,CN,0.0
2025-06-30T08:02:32.048727+00:00,Display,2.22,13,80.46,Mobile,CA,0.0
2025-07-14T10:09:10.048436+00:00,Organic,2.08,25,32.78,Mobile,GB,0.0
2025-07-22T11:45:28.051848+00:00,Organic,1.12,12,46.65,Mobile,AU,0.0
2025-07-10T21:35:53.052902+00:00,Referral,2.64,12,64.26,Mobile,GB,0.0
2025-07-12T22:43:04.049869+00:00,Referral,5.56,6,27.41,Desktop,FR,0.0
2025-07-08T07:24:45.047728+00:00,Social,1.35,8,30.0,Mobile,AU,0.0
2025-07-25T13:46:43.051554+00:00,Paid Search,3.01,9,31.94,Mobile,CA,0.0
2025-07-06T17:53:38.047911+00:00,Social,2.57,2,76.87,Mobile,FR,0.0
2025-07-21T02:45:23.048750+00:00,Direct,3.31,2,74.19,Tablet,AU,0.0
2025-07-01T07:17:23.050480+00:00,Display,0.05,9,72.42,Mobile,GB,0.0
2025-07-02T21:48:31.049606+00:00,Social,2.33,10,79.57,Desktop,AU,0.0
2025-07-08T08:01:57.047110+00:00,Direct,0.05,23,78.93,Mobile,GB,46.4
2025-07-09T03:54:32.047906+00:00,Organic,2.58,20,65.11,Mobile,IN,0.0
2025-07-25T03:23:26.049036+00:00,Display,2.34,6,72.19,Mobile,CN,0.0
2025-07-05T02:44:55.051361+00:00,Social,1.5,14,66.41,Mobile,DE,0.0
2025-07-09T01:35:33.051092+00:00,Email,0.05,22,54.42,Mobile,CN,0.0
2025-07-05T08:03:20.050220+00:00,Social,0.18,13,73.38,Mobile,AU,0.0
2025-06-30T08:31:58.049208+00:00,Organic,8.14,25,30.88,Desktop,DE,0.0
2025-07-02T14:56:47.047313+00:00,Social,4.43,14,62.03,Desktop,DE,0.0
2025-07-01T16:45:10.047674+00:00,Social,2.24,1,67.77,Mobile,IN,0.0
2025-07-03T22:41:28.048691+00:00,Email,2.86,6,37.81,Mobile,BR,0
2025-07-26T03:54:40.051054+00:00,Organic,1.0,25,45.58,Desktop,AU,0.0
2025-07-11T00:29:23.052023+00:00,Direct,1.95,7,64.48,Tablet,CA,69.48
2025-07-11T23:30:29.048144+00:00,Social,1.36,10,54.33,Mobile,FR,0.0
2025-06-30T10:46:46.048503+00:00,Referral,1.62,23,75.75,Desktop,CN,0.0
2025-07-01T19:26:34.047096+00:00,Direct,1.21,11,40.11,Mobile,DE,0.0
2025-07-27T06:52:23.051634+00:00,Referral,2.06,16,79.02,Desktop,DE,0.0
2025-07-13T21:17:12.052443+00:00,Organic,3.99,13,44.56,Mobile,US,0.0
2025-07-25T07:42:17.051745+00:00,Email,3.25,25,50.41,Mobile,BR,0.0
2025-07-24T14:00:59.050838+00:00,Organic,2.49,24,41.71,Desktop,FR,0.0
2025-07-20T05:49:58.048257+00:00,Email,4.66,8,71.93,Tablet,GB,0.0
2025-07-07T18:09:26.052151+00:00,Referral,0.52,16,80.45,Desktop,CN,0.0
2025-07-13T14:38:35.047548+00:00,Paid Search,5.71,8,21.68,Desktop,BR,143.14
2025-07-24T04:24:57.047530+00:00,Display,1.05,10,71.7,Desktop,FR,0.0
2025-07-27T09:39:47.049048+00:00,Referral,1.39,12,45.04,Tablet,FR,0.0
2025-07-05T07:42:11.051670+00:00,Paid Search,4.65,11,38.76,Mobile,AU,0.0
2025-06-28T16:23:41.050942+00:00,Social,2.81,17,68.23,Tablet,JP,0.0
2025-07-03T13:50:47.049934+00:00,Social,2.63,2,42.73,Mobile,IN,0.0
2025-07-25T20:56:12.051659+00:00,Referral,0.56,6,65.4,Mobile,BR,0.0
2025-07-23T13:58:34.048292+00:00,Organic,5.38,15,43.08,Desktop,DE,0.0
2025-07-08T20:47:01.050787+00:00,Display,2.04,12,65.65,Desktop,GB,0.0
2025-07-07T14:13:58.051421+00:00,Email,1.75,21,74.71,Mobile,DE,50.16
2025-07-25T13:51:43.049817+00:00,Display,2.06,6,68.43,Mobile,CN,0.0
2025-07-03T00:48:18.051472+00:00,Direct,0.05,11,65.33,Desktop,IN,0
2025-07-22T17:34:37.050097+00:00,Display,1.02,15,78.14,Mobile,AU,0.0
2025-07-23T03:58:05.046927+00:00,Display,0.18,4,82.16,Mobile,JP,0.0
2025-06-30T03:24:23.047900+00:00,Organic,3.76,13,20.34,Tablet,AU,0.0
2025-07-01T03:02:26.048802+00:00,Paid Search,3.07,6,47.11,Mobile,CA,130.4
2025-07-09T22:21:49.049893+00:00,Referral,3.69,6,71.84,Mobile,BR,0.0
2025-07-13T14:01:54.050262+00:00,Referral,3.45,22,39.55,Mobile,FR,0.0
2025-07-04T01:34:15.048125+00:00,Organic,3.82,7,39.83,Mobile,AU,0.0
2025-07-07T18:39:17.052495+00:00,Organic,1.03,19,74.5,Tablet,JP,15.2
2025-07-12T02:30:09.050520+00:00,Organic,4.68,25,34.98,Mobile,CN,0.0
2025-07-02T07:20:11.048664+00:00,Social,3.48,13,60.76,Mobile,IN,0.0
2025-07-26T14:55:18.052983+00:00,Direct,0.59,19,75.79,Desktop,AU,32.92
2025-07-08T13:39:27.051120+00:00,Referral,4.97,24,42.48,Mobile,GB,0.0
2025-07-02T00:38:44.051183+00:00,Referral,2.86,5,50.97,Mobile,GB,0.0
2025-07-18T21:54:02.052062+00:00,Paid Search,4.1,15,43.86,Desktop,US,0.0
2025-07-04T18:14:39.047464+00:00,Email,7.36,8,65.11,Tablet,US,0.0
2025-07-18T23:32:44.048995+00:00,Paid Search,2.58,21,10.69,Desktop,JP,0.0
2025-07-12T13:11:30.050770+00:00,Email,5.64,11,77.39,Mobile,JP,0.0
2025-07-24T09:07:31.049635+00:00,Display,1.57,11,67.95,Mobile,JP,0.0
2025-07-20T20:39:48.049395+00:00,Paid Search,4.82,22,42.75,Mobile,CN,0.0
2025-07-04T03:12:39.052203+00:00,Organic,6.33,15,59.77,Desktop,US,0.0
2025-07-21T17:30:37.046993+00:00,Referral,0.05,20,84.72,Mobile,BR,0.0
2025-07-21T05:41:41.052116+00:00,Referral,0.84,23,55.33,Desktop,IN,0.0
2025-06-30T01:32:09.049308+00:00,Social,2.33,13,52.45,Desktop,IN,0.0
2025-06-30T22:28:09.048486+00:00,Social,2.84,12,78.0,Mobile,BR,0.0
2025-07-09T02:07:04.048166+00:00,Paid Search,5.88,5,26.51,Mobile,BR,0.0
2025-07-06T10:42:35.052081+00:00,Email,0.05,14,57.83,Mobile,JP,0.0
2025-07-15T19:11:12.048018+00:00,Display,1.88,19,75.82,Mobile,BR,0.0
2025-07-03T16:14:07.049141+00:00,Paid Search,6.18,5,38.25,Desktop,DE,0.0
2025-06-30T14:39:10.050815+00:00,Email,1.86,24,68.26,Mobile,AU,0.0
2025-07-25T03:50:41.053060+00:00,Display,2.77,4,70.95,Mobile,DE,0.0
2025-07-03T08:37:31.047814+00:00,Social,1.08,9,79.03,Mobile,JP,0.0
2025-06-29T12:50:51.049484+00:00,Direct,1.2,12,67.86,Desktop,DE,61.14
2025-07-07T16:53:33.051458+00:00,Referral,4.66,3,65.6,Mobile,CN,0.0
2025-06-30T01:03:48.052787+00:00,Social,1.06,14,57.82,Mobile,IN,0.0
2025-07-02T18:09:19.048553+00:00,Social,2.18,1,53.42,Mobile,CA,0.0
2025-07-13T18:44:44.052273+00:00,Referral,2.84,22,58.04,Mobile,BR,0.0
2025-07-05T23:24:33.051854+00:00,Direct,0.93,25,94.85,Mobile,US,0.0
2025-07-11T16:03:08.051085+00:00,Organic,5.33,8,46.42,Desktop,FR,0.0
2025-07-27T02:23:41.048269+00:00,Organic,0.18,13,51.79,Desktop,AU,0.0
2025-07-01T10:46:45.050255+00:00,Organic,4.2,9,46.82,Mobile,GB,0.0
2025-07-23T09:51:08.052793+00:00,Email,2.24,5,71.8,Mobile,BR,0.0
2025-07-18T05:33:00.051769+00:00,Email,0.56,14,42.19,Desktop,GB,0.0
2025-07-09T13:30:15.049013+00:00,Direct,0.05,16,34.95,Mobile,FR,0.0
2025-07-14T06:38:02.052636+00:00,Organic,0.62,5,39.02,Mobile,CA,0.0
2025-07-17T03:31:00.049898+00:00,Email,3.34,2,61.45,Mobile,JP,0.0
2025-07-15T19:47:58.052858+00:00,Email,4.11,11,48.39,Mobile,US,0.0
2025-06-29T16:11:37.052229+00:00,Direct,4.01,24,79.2,Mobile,GB,0.0
2025-07-14T04:34:19.047955+00:00,Direct,1.93,20,74.73,Desktop,CA,0.0
2025-07-17T08:22:11.050588+00:00,Display,0.05,10,73.29,Mobile,CN,0.0
2025-07-04T18:56:41.047779+00:00,Display,0.05,22,99.54,Desktop,IN,0.0
2025-07-03T14:44:36.050172+00:00,Direct,0.79,22,79.88,Mobile,JP,0.0
2025-07-26T01:13:57.047542+00:00,Display,2.43,7,79.45,Mobile,FR,0.0
2025-07-11T04:32:55.052652+00:00,Referral,4.66,4,81.92,Mobile,CN,0.0
2025-07-02T13:36:17.047685+00:00,Direct,4.17,4,58.96,Mobile,AU,0.0
2025-07-26T10:49:41.052455+00:00,Direct,4.97,9,43.65,Mobile,CN,0.0
2025-07-13T14:18:56.050901+00:00,Display,0.79,3,73.84,Tablet,GB,0.0
2025-07-20T19:40:47.050981+00:00,Organic,0.96,13,33.3,Mobile,JP,0.0
2025-07-08T08:20:04.047405+00:00,Email,1.78,24,58.46,Mobile,FR,0.0
2025-07-09T16:05:13.048618+00:00,Email,5.35,8,67.75,Mobile,JP,0
2025-07-01T02:20:41.049959+00:00,Display,2.67,8,73.87,Mobile,JP,0.0
2025-07-27T06:11:09.050292+00:00,Organic,3.93,18,55.01,Mobile,GB,0.0
2025-07-08T05:40:47.048138+00:00,Social,0.69,22,89.21,Mobile,JP,0.0
2025-07-13T13:33:43.051622+00:00,Display,1.2,9,80.17,Tablet,IN,0.0
2025-07-14T23:23:02.048583+00:00,Direct,2.66,12,48.09,Desktop,BR,0.0
2025-06-28T06:48:50.049939+00:00,Display,1.05,12,82.93,Mobile,US,0.0
2025-07-21T09:17:19.048867+00:00,Direct,5.56,17,77.8,Desktop,BR,19.19
2025-06-28T07:57:02.052837+00:00,Direct,2.48,25,53.88,Mobile,FR,0.0
2025-07-11T23:00:32.048024+00:00,Display,0.05,1,71.77,Desktop,FR,0.0
2025-07-27T06:57:46.050947+00:00,Paid Search,2.08,10,54.88,Mobile,CA,0.0
2025-07-24T15:10:32.051927+00:00,Organic,6.02,13,45.88,Mobile,JP,0.0
2025-07-25T07:11:38.048613+00:00,Referral,2.11,7,47.86,Desktop,AU,0.0
2025-07-11T06:10:05.049800+00:00,Social,2.26,4,88.05,Mobile,CN,0.0
2025-07-07T11:06:03.049030+00:00,Direct,1.47,12,89.29,Desktop,AU,0.0
2025-07-01T22:00:24.049683+00:00,Referral,3.71,10,72.08,Mobile,IN,0.0
2025-07-05T08:57:44.048096+00:00,Referral,1.33,16,51.23,Tablet,FR,0.0
2025-07-11T18:20:17.047821+00:00,Email,6.05,2,60.66,Desktop,JP,0.0
2025-07-18T14:36:10.048778+00:00,Paid Search,0.43,16,26.02,Tablet,US,0.0
2025-07-05T10:20:06.048161+00:00,Social,0.33,5,59.37,Mobile,JP,0.0
2025-07-19T12:14:05.051664+00:00,Organic,6.37,25,22.29,Desktop,GB,0.0
2025-07-10T15:43:09.048669+00:00,Display,2.47,19,63.81,Mobile,JP,0.0
2025-07-19T10:43:26.047377+00:00,Direct,2.69,3,77.18,Mobile,US,0.0
2025-07-14T21:38:26.051698+00:00,Display,0.4,19,82.47,Tablet,JP,0.0
2025-07-01T23:38:41.050627+00:00,Direct,0.05,8,31.34,Tablet,AU,0.0
2025-07-15T08:04:08.046987+00:00,Email,4.49,9,54.04,Mobile,FR,0.0
2025-07-05T18:01:38.048737+00:00,Paid Search,0.05,21,50.15,Mobile,AU,0.0
2025-07-25T13:46:52.047796+00:00,Direct,1.36,23,61.38,Mobile,IN,0.0
2025-06-30T10:25:32.047604+00:00,Organic,0.05,6,51.39,Desktop,JP,0.0
2025-07-03T06:42:28.050964+00:00,Referral,2.19,19,42.4,Desktop,JP,0.0
2025-07-06T05:18:36.049444+00:00,Social,1.9,12,66.86,Mobile,IN,0.0
2025-07-07T02:19:01.048309+00:00,Display,0.11,15,88.55,Mobile,IN,0.0
2025-07-15T19:13:49.048686+00:00,Referral,2.44,23,62.68,Mobile,DE,0.0
2025-07-01T19:48:13.049071+00:00,Email,2.06,24,68.37,Mobile,US,83.93
2025-07-26T21:12:41.052179+00:00,Paid Search,8.89,17,31.07,Mobile,CN,0.0
2025-07-25T09:25:50.049763+00:00,Referral,1.4,22,43.31,Mobile,GB,0.0
2025-07-22T16:14:37.049829+00:00,Paid Search,4.76,8,50.86,Mobile,BR,0.0
2025-07-22T07:02:42.051114+00:00,Social,2.27,7,95.7,Desktop,FR,0.0
2025-07-04T16:44:18.050936+00:00,Referral,3.09,11,100,Mobile,FR,0.0
2025-07-25T06:30:37.049514+00:00,Social,1.85,16,72.04,Mobile,CA,0.0
2025-07-04T14:30:09.052338+00:00,Email,2.12,16,68.52,Desktop,DE,182.64
2025-07-10T23:32:36.047639+00:00,Referral,0.05,6,56.93,Desktop,CA,0.0
2025-07-05T10:01:07.050014+00:00,Display,1.73,14,81.28,Mobile,GB,0.0
2025-07-09T05:44:59.047344+00:00,Display,1.56,3,83.19,Mobile,US,0.0
2025-07-08T07:37:43.050048+00:00,Direct,2.57,23,43.5,Desktop,CN,0.0
2025-07-11T22:11:48.052240+00:00,Direct,1.39,13,60.64,Desktop,JP,0.0
2025-07-22T20:07:29.048246+00:00,Referral,1.38,15,84.32,Mobile,AU,0.0
2025-07-18T20:02:03.050893+00:00,Email,3.77,4,73.5,Mobile,FR,165.18
2025-07-07T21:27:16.047883+00:00,Referral,0.05,6,71.08,Mobile,JP,0.0
2025-07-05T18:38:46.049705+00:00,Email,1.01,6,81.7,Desktop,CN,0.0
2025-07-23T19:21:17.049303+00:00,Referral,2.82,5,39.41,Desktop,IN,0.0
2025-07-06T04:02:13.051032+00:00,Email,2.06,24,65.38,Mobile,CA,0.0
2025-07-23T06:53:13.051922+00:00,Social,1.06,9,81.36,Mobile,AU,0.0
2025-07-19T14:01:54.048925+00:00,Paid Search,2.97,8,39.87,Desktop,CN,0.0
2025-07-07T00:36:50.050854+00:00,Organic,0.05,3,37.02,Desktop,IN,0.0
2025-07-07T15:34:11.051859+00:00,Organic,6.2,10,31.58,Desktop,BR,0.0
2025-07-05T15:25:05.048303+00:00,Direct,1.9,19,69.79,Mobile,GB,0.0
2025-06-29T04:12:53.049053+00:00,Direct,1.7,23,75.95,Mobile,BR,0.0
2025-07-25T08:31:28.048119+00:00,Email,4.43,11,79.74,Mobile,US,36.66
2025-07-12T04:43:07.050423+00:00,Paid Search,4.96,25,39.61,Mobile,FR,0.0
2025-07-09T06:00:21.047586+00:00,Social,0.61,8,67.83,Desktop,CN,0.0
2025-06-29T17:49:32.049651+00:00,Direct,0.05,13,47.65,Mobile,BR,0.0
2025-07-19T09:49:51.052209+00:00,Referral,2.23,16,67.31,Mobile,CA,0.0
2025-07-20T08:34:22.049549+00:00,Paid Search,0.59,23,55.99,Mobile,CA,177.77
2025-07-10T18:41:37.049927+00:00,Display,1.17,5,63.82,Mobile,GB,0.0
2025-07-19T17:12:35.050074+00:00,Social,2.23,11,77.8,Tablet,AU,0.0
2025-07-08T09:17:28.050908+00:00,Referral,3.92,20,72.38,Desktop,AU,0.0
2025-06-28T06:07:52.048131+00:00,Organic,2.95,22,57.71,Mobile,IN,0.0
2025-06-27T21:08:19.050059+00:00,Organic,7.65,21,48.86,Mobile,DE,0.0
2025-07-16T07:52:42.051497+00:00,Email,0.11,2,71.42,Mobile,AU,57.33
2025-07-10T10:32:06.049106+00:00,Organic,7.88,14,41.39,Mobile,GB,0.0
2025-07-20T02:24:59.050486+00:00,Paid Search,4.38,19,28.22,Mobile,JP,0.0
2025-07-01T15:58:46.049363+00:00,Display,0.92,13,74.29,Mobile,IN,0.0
2025-07-13T09:55:14.049438+00:00,Referral,2.66,16,84.93,Mobile,GB,0.0
2025-07-06T13:17:17.052847+00:00,Social,1.56,1,84.36,Tablet,DE,0.0
2025-07-01T08:52:47.048298+00:00,Social,3.14,16,84.55,Tablet,IN,0.0
2025-06-27T23:39:25.051791+00:00,Direct,0.05,15,54.16,Mobile,BR,0.0
2025-07-11T17:34:42.048071+00:00,Referral,3.14,15,41.25,Mobile,AU,0.0
2025-06-28T09:08:54.048791+00:00,Organic,5.12,14,59.41,Desktop,CA,0.0
2025-07-07T07:24:59.049574+00:00,Social,2.31,9,97.66,Mobile,IN,0.0
2025-07-08T13:49:14.050599+00:00,Paid Search,2.49,5,42.73,Mobile,IN,0.0
2025-07-07T02:53:08.051445+00:00,Paid Search,6.38,11,33.23,Mobile,DE,0.0
2025-07-06T00:12:51.052246+00:00,Direct,1.73,17,100,Mobile,US,0.0
2025-07-11T22:35:45.052831+00:00,Paid Search,0.05,25,39.34,Desktop,BR,0.0
2025-07-27T08:52:10.051340+00:00,Email,0.32,6,67.31,Tablet,CN,0.0
2025-07-24T02:25:58.047712+00:00,Email,3.88,5,53.73,Desktop,CA,0.0
2025-07-24T08:51:16.047394+00:00,Display,2.43,2,65.8,Desktop,CA,0.0
2025-06-27T22:02:55.047498+00:00,Paid Search,0.53,8,31.55,Desktop,CA,0.0
2025-07-20T15:01:22.051015+00:00,Email,2.8,5,79.31,Mobile,US,317.15
2025-07-04T20:25:28.047037+00:00,Organic,2.07,25,36.83,Desktop,JP,0.0
2025-07-05T20:30:27.051137+00:00,Paid Search,3.21,19,31.54,Mobile,IN,0.0
2025-07-22T21:28:47.047662+00:00,Organic,2.88,6,36.1,Mobile,FR,0.0
2025-07-12T18:41:48.050120+00:00,Organic,3.12,5,50.08,Mobile,BR,0.0
2025-07-17T23:32:58.047774+00:00,Email,3.18,22,59.87,Mobile,FR,0.0
2025-07-26T20:45:26.049219+00:00,Social,0.71,19,79.04,Mobile,BR,0.0
2025-07-01T17:25:47.052897+00:00,Email,4.01,22,72.46,Mobile,FR,0.0
2025-07-21T16:52:20.050184+00:00,Organic,4.07,13,43.76,Desktop,US,0.0
2025-07-07T21:01:29.052196+00:00,Organic,5.47,21,33.87,Mobile,IN,0.0
2025-07-18T03:29:50.051177+00:00,Social,0.05,8,47.22,Tablet,AU,0.0
2025-07-19T05:06:09.047853+00:00,Organic,2.45,22,59.92,Tablet,US,0.0
2025-07-04T20:24:46.049527+00:00,Paid Search,3.49,8,36.54,Mobile,IN,0.0
2025-07-19T21:09:40.049461+00:00,Referral,6.82,10,65.52,Mobile,DE,0.0
2025-07-15T02:04:42.050656+00:00,Organic,2.89,24,33.47,Mobile,CN,0.0
2025-07-19T14:07:58.047066+00:00,Organic,5.74,15,55.17,Mobile,IN,0.0
2025-07-02T21:54:42.051465+00:00,Referral,1.35,20,37.4,Mobile,JP,0.0
2025-07-12T12:36:49.050311+00:00,Display,0.5,16,74.11,Mobile,CA,0.0
2025-07-15T17:26:22.049225+00:00,Organic,4.2,25,43.89,Mobile,FR,0.0
2025-07-20T08:12:48.049407+00:00,Display,0.72,16,65.77,Tablet,FR,6.44
2025-07-06T02:58:41.051323+00:00,Direct,1.32,3,30.13,Desktop,CN,0.0
2025-07-10T16:29:22.049909+00:00,Email,3.08,10,47.96,Desktop,DE,191.92
2025-07-26T03:17:50.049694+00:00,Social,1.59,13,91.72,Mobile,CN,0.0
2025-06-29T06:53:35.049007+00:00,Organic,3.6,25,8.82,Mobile,CA,0.0
2025-07-19T09:19:14.048053+00:00,Referral,0.05,8,60.7,Desktop,JP,0.0
2025-07-24T20:56:39.049751+00:00,Social,1.39,4,90.76,Mobile,IN,0.0
2025-07-21T09:55:24.048849+00:00,Social,2.29,22,54.3,Mobile,JP,0.0
2025-07-05T02:44:20.047756+00:00,Direct,0.05,11,70.14,Mobile,CA,0.0
2025-07-27T09:30:35.049611+00:00,Referral,2.5,5,46.4,Desktop,JP,0.0
2025-07-20T08:44:15.049664+00:00,Paid Search,5.7,12,49.63,Desktop,IN,0.0
2025-06-29T08:37:04.047835+00:00,Paid Search,4.99,7,33.0,Desktop,JP,0.0
2025-07-06T00:49:28.052809+00:00,Paid Search,5.09,25,23.64,Mobile,FR,0.0
2025-07-15T12:40:42.048155+00:00,Direct,1.15,15,64.7,Desktop,GB,0.0
2025-07-23T19:56:44.048976+00:00,Display,0.84,22,64.61,Tablet,DE,0.0
2025-07-08T08:37:00.052327+00:00,Organic,0.5,3,63.94,Mobile,CN,0.0
2025-07-10T07:12:49.049599+00:00,Display,0.05,3,74.53,Desktop,CA,0.0
2025-07-09T19:30:26.052682+00:00,Display,2.03,4,88.19,Mobile,JP,0.0
2025-07-14T17:37:35.052309+00:00,Paid Search,5.98,24,35.37,Desktop,CA,78.32
2025-07-25T02:40:34.048401+00:00,Email,3.21,1,71.27,Mobile,FR,0.0
2025-07-09T00:59:17.050069+00:00,Direct,2.51,2,48.77,Mobile,FR,0.0
2025-07-08T21:24:09.052262+00:00,Organic,2.45,15,39.53,Desktop,CN,0.0
2025-07-18T08:53:03.050468+00:00,Display,0.05,1,59.14,Tablet,IN,0.0
2025-07-21T12:40:09.052962+00:00,Email,5.76,6,68.47,Desktop,FR,0.0
2025-07-07T17:47:02.050997+00:00,Referral,2.28,11,45.88,Desktop,CA,0
2025-07-12T11:51:51.049338+00:00,Organic,4.52,25,58.82,Mobile,AU,0.0
2025-07-19T21:57:43.052386+00:00,Social,2.27,11,71.15,Mobile,BR,0.0
2025-07-25T21:52:11.048041+00:00,Paid Search,5.33,14,47.83,Mobile,DE,0
2025-07-02T16:33:59.049291+00:00,Paid Search,5.62,9,59.43,Tablet,IN,159.52
2025-06-29T03:20:34.049858+00:00,Display,1.43,14,70.08,Tablet,GB,0.0
2025-07-17T10:40:51.052853+00:00,Referral,2.76,4,69.71,Mobile,CA,0.0
2025-07-08T19:20:55.051716+00:00,Email,3.93,4,66.65,Desktop,GB,206.56
2025-06-30T16:28:11.052234+00:00,Organic,2.68,25,34.84,Desktop,CA,0.0
2025-06-30T10:01:15.050547+00:00,Referral,1.85,12,51.21,Tablet,GB,0.0
2025-07-16T01:03:30.052156+00:00,Referral,3.82,19,66.72,Mobile,FR,0
2025-07-24T03:55:57.051537+00:00,Referral,3.25,1,57.38,Mobile,AU,0
2025-07-09T18:44:22.048357+00:00,Social,1.61,14,61.81,Mobile,AU,0.0
2025-07-19T16:21:06.047057+00:00,Paid Search,0.05,21,52.91,Mobile,JP,0.0
2025-06-30T06:54:06.047941+00:00,Direct,1.46,24,54.7,Mobile,BR,0.0
2025-07-03T07:51:11.049852+00:00,Direct,0.05,18,61.63,Tablet,CA,0
2025-07-17T18:28:55.053026+00:00,Referral,0.27,17,31.39,Mobile,AU,0.0
2025-07-12T05:19:30.050804+00:00,Email,0.86,1,71.71,Desktop,IN,185.11
2025-07-04T21:06:03.050462+00:00,Paid Search,1.55,25,26.83,Mobile,AU,0.0
2025-07-04T15:14:06.047889+00:00,Referral,3.0,1,56.12,Mobile,DE,0.0
2025-07-13T18:10:21.049188+00:00,Organic,3.48,25,55.65,Desktop,FR,0.0
2025-07-01T00:54:33.050874+00:00,Paid Search,4.13,13,30.62,Mobile,BR,0
2025-07-24T00:38:39.051611+00:00,Display,0.05,22,60.26,Mobile,AU,0.0
2025-07-23T06:56:10.052370+00:00,Direct,0.05,20,69.25,Desktop,CA,0.0
2025-07-23T02:00:23.048861+00:00,Direct,2.6,20,100,Mobile,FR,0.0
2025-06-30T06:24:10.050267+00:00,Organic,3.36,25,42.41,Mobile,FR,16.87
2025-06-29T02:21:05.052700+00:00,Social,2.34,1,82.16,Mobile,GB,0.0
2025-06-27T20:17:01.050718+00:00,Display,0.26,2,74.03,Mobile,CA,0.0
2025-07-03T01:50:20.050232+00:00,Social,0.05,4,76.82,Mobile,JP,0.0
2025-07-21T22:23:50.051252+00:00,Social,2.42,1,84.44,Mobile,JP,17.14
2025-07-12T16:52:17.048890+00:00,Display,0.33,16,73.54,Desktop,GB,0.0
2025-07-25T09:02:23.049688+00:00,Display,3.42,2,79.18,Mobile,JP,0.0
2025-07-07T20:11:37.050451+00:00,Email,1.13,20,61.54,Mobile,FR,0.0
2025-07-09T08:07:39.049502+00:00,Organic,4.35,24,34.92,Mobile,CA,0.0
2025-07-06T23:05:02.052658+00:00,Email,2.89,6,80.65,Desktop,US,0.0
2025-07-02T20:07:40.048188+00:00,Direct,4.57,21,61.12,Mobile,FR,0.0
2025-07-09T02:20:18.051893+00:00,Social,1.98,21,42.98,Mobile,FR,0.0
2025-06-28T04:49:38.048828+00:00,Social,2.86,20,57.56,Mobile,BR,0.0
2025-06-28T14:27:15.052490+00:00,Referral,1.78,6,65.12,Tablet,GB,0.0
2025-07-23T08:53:22.048321+00:00,Paid Search,4.37,17,24.19,Mobile,CN,0.0
2025-07-13T21:22:45.051949+00:00,Direct,2.52,16,75.23,Mobile,US,106.06
2025-07-09T02:31:26.052004+00:00,Display,1.19,14,84.55,Mobile,AU,0.0
2025-07-06T11:34:52.052880+00:00,Social,3.13,7,89.6,Mobile,AU,0
2025-07-06T14:11:54.050406+00:00,Paid Search,4.53,5,35.57,Mobile,IN,0.0
2025-07-20T01:21:13.047761+00:00,Direct,1.9,4,88.57,Mobile,US,0.0
2025-07-10T21:30:36.047971+00:00,Organic,4.98,25,43.27,Desktop,JP,45.94
2025-07-11T12:43:17.050509+00:00,Social,0.61,6,69.93,Mobile,CN,0.0
2025-07-26T09:23:30.049181+00:00,Social,3.31,1,70.27,Tablet,GB,0.0
2025-07-01T05:04:54.050323+00:00,Referral,0.49,6,54.23,Tablet,FR,0.0
2025-06-30T19:46:14.052689+00:00,Email,2.71,19,57.77,Desktop,AU,0.0
2025-06-30T14:56:16.048936+00:00,Paid Search,4.24,14,32.02,Mobile,JP,0.0
2025-07-24T03:59:05.050440+00:00,Referral,3.1,21,36.26,Desktop,JP,0.0
2025-07-21T13:03:54.051103+00:00,Direct,4.45,9,50.64,Mobile,IN,0.0
2025-07-06T00:42:48.052735+00:00,Paid Search,3.96,5,36.29,Tablet,JP,0.0
2025-07-08T07:51:45.051172+00:00,Email,3.88,19,68.63,Mobile,GB,0.0
2025-07-05T07:39:04.051629+00:00,Direct,1.35,13,76.38,Mobile,JP,0.0
2025-07-22T03:21:08.049979+00:00,Social,2.97,8,47.72,Desktop,FR,0.0
2025-07-08T14:50:49.052099+00:00,Display,0.53,19,65.19,Mobile,GB,0.0
2025-06-28T18:06:25.049835+00:00,Referral,3.67,14,47.02,Desktop,US,0.0
2025-07-24T04:06:21.048822+00:00,Paid Search,0.05,17,40.28,Mobile,BR,0.0
2025-07-21T00:09:01.048275+00:00,Direct,0.05,15,49.59,Desktop,JP,0.0
2025-07-01T09:40:00.048222+00:00,Email,0.48,4,79.6,Mobile,JP,140.94
2025-07-07T23:02:23.051543+00:00,Email,3.04,3,64.6,Desktop,JP,0.0
2025-07-13T22:37:27.049286+00:00,Organic,1.61,13,36.42,Desktop,GB,0.0
2025-07-21T05:13:59.050849+00:00,Referral,3.69,17,74.67,Desktop,DE,0.0
2025-07-23T15:21:23.052946+00:00,Social,1.47,14,57.3,Mobile,CN,0.0
2025-07-08T06:05:08.047866+00:00,Direct,1.16,9,61.8,Desktop,BR,0.0
2025-07-09T21:06:33.051079+00:00,Paid Search,5.48,17,36.46,Mobile,GB,0.0
2025-07-10T16:42:48.047615+00:00,Paid Search,0.05,21,46.05,Desktop,CA,141.52
2025-07-27T06:28:54.052105+00:00,Paid Search,4.03,22,50.19,Mobile,AU,0.0
2025-07-02T06:25:24.049824+00:00,Social,2.62,2,77.95,Mobile,FR,0.0
2025-06-30T08:12:54.049646+00:00,Email,0.98,14,72.63,Mobile,DE,206.56
2025-07-12T12:54:48.049729+00:00,Organic,7.08,4,20.07,Mobile,JP,0.0
2025-07-21T21:56:09.052303+00:00,Referral,1.07,11,47.99,Desktop,BR,0.0
2025-07-20T18:17:10.048059+00:00,Email,2.38,23,73.87,Mobile,FR,0.0
2025-07-04T07:57:59.049629+00:00,Referral,3.91,13,40.03,Mobile,IN,0.0
2025-07-15T09:25:49.046967+00:00,Referral,4.85,6,20.4,Mobile,AU,0.0
2025-06-29T02:59:08.050860+00:00,Referral,2.81,23,55.57,Tablet,CN,11.87
2025-07-27T03:26:35.052223+00:00,Email,2.92,15,69.91,Mobile,US,0
2025-07-01T17:20:27.051345+00:00,Referral,2.94,5,66.77,Mobile,AU,0.0
2025-07-08T12:29:22.049768+00:00,Paid Search,5.8,9,29.81,Mobile,JP,0.0
2025-07-06T14:42:38.050085+00:00,Display,3.4,12,99.49,Mobile,GB,0.0
2025-07-03T09:06:00.052268+00:00,Paid Search,5.19,9,42.6,Mobile,AU,0.0
2025-07-15T23:35:00.049811+00:00,Direct,0.87,23,41.55,Mobile,JP,0
2025-07-09T04:37:20.048079+00:00,Referral,2.27,23,60.58,Mobile,CA,0.0
2025-06-29T03:14:42.051531+00:00,Social,1.72,1,66.22,Desktop,JP,0.0
2025-06-28T19:16:57.052291+00:00,Paid Search,2.48,7,55.74,Desktop,AU,184.01
2025-07-02T13:30:28.048036+00:00,Organic,3.92,15,29.45,Mobile,US,0.0
2025-07-26T19:48:05.051009+00:00,Paid Search,7.76,18,36.3,Mobile,AU,0.0
2025-06-29T05:50:01.050298+00:00,Social,1.01,13,73.43,Desktop,FR,0.0
2025-07-25T18:14:41.048006+00:00,Social,0.05,10,64.57,Tablet,JP,0.0
2025-07-26T13:01:41.050753+00:00,Paid Search,6.15,19,25.28,Tablet,GB,0.0
2025-07-08T07:07:47.051277+00:00,Organic,6.18,13,38.45,Mobile,DE,0.0
2025-07-17T23:46:57.049787+00:00,Email,2.41,9,54.6,Mobile,CN,0.0
2025-06-28T02:36:27.049672+00:00,Direct,0.05,20,87.17,Desktop,IN,0.0
2025-07-02T22:06:06.050125+00:00,Social,1.42,19,78.09,Mobile,BR,0.0
2025-07-17T08:26:30.052782+00:00,Direct,3.45,22,69.19,Mobile,JP,0.0
2025-07-20T03:35:45.049658+00:00,Direct,3.25,7,50.9,Mobile,AU,0.0
2025-07-11T08:19:15.048431+00:00,Display,0.92,15,88.17,Mobile,GB,0.0
2025-07-20T11:40:21.051439+00:00,Paid Search,5.74,8,34.32,Desktop,CN,0.0
2025-06-27T18:51:22.051820+00:00,Organic,5.1,20,49.77,Mobile,DE,0.0
2025-07-07T05:03:15.050382+00:00,Display,2.89,11,68.77,Tablet,FR,0.0
2025-06-29T16:13:12.049432+00:00,Paid Search,5.17,10,26.39,Mobile,GB,63.93
2025-07-20T03:13:16.049267+00:00,Email,0.05,20,52.57,Mobile,US,168.19
2025-07-09T12:59:54.051888+00:00,Organic,0.78,18,27.61,Desktop,CA,0.0
2025-07-15T01:26:44.049257+00:00,Direct,0.92,5,85.53,Mobile,JP,0.0
2025-07-15T16:22:15.051427+00:00,Referral,0.63,21,61.31,Mobile,IN,0.0
2025-07-23T14:54:23.051230+00:00,Organic,1.26,25,24.64,Mobile,CN,0.0
2025-07-09T01:44:22.052297+00:00,Social,2.13,3,80.77,Desktop,JP,0.0
2025-07-05T15:15:14.053007+00:00,Direct,2.8,8,21.44,Desktop,DE,0.0
2025-06-30T19:16:39.048379+00:00,Referral,1.59,11,64.28,Desktop,IN,0.0
2025-07-08T04:20:02.049413+00:00,Display,0.37,18,83.12,Mobile,DE,16.29
2025-07-09T19:01:14.049717+00:00,Direct,3.85,20,25.05,Desktop,US,0.0
2025-07-12T13:31:31.048809+00:00,Direct,1.58,4,72.09,Desktop,CA,0.0
2025-06-27T22:05:04.052625+00:00,Paid Search,8.53,23,46.57,Mobile,CN,0.0
2025-07-06T21:12:33.052344+00:00,Paid Search,2.49,12,20.96,Tablet,CA,0.0
2025-07-12T21:51:09.051571+00:00,Email,2.78,15,77.4,Mobile,AU,269.64
2025-07-07T19:38:58.048964+00:00,Organic,3.14,21,46.13,Mobile,CN,0.0
2025-07-09T23:04:00.050474+00:00,Email,1.56,6,44.54,Mobile,AU,54.59
2025-07-22T14:43:21.047656+00:00,Organic,2.39,7,41.63,Desktop,CA,0.0
2025-07-22T20:15:19.051356+00:00,Direct,0.05,6,42.28,Tablet,US,0.0
2025-07-04T23:44:41.052163+00:00,Referral,1.27,8,68.77,Mobile,DE,0.0
2025-07-04T23:22:30.051223+00:00,Email,3.7,23,58.49,Desktop,GB,238.95
2025-07-22T09:38:16.048235+00:00,Social,2.38,16,70.22,Mobile,AU,0.0
2025-07-21T00:33:07.050317+00:00,Paid Search,5.46,24,46.95,Mobile,JP,0.0
2025-07-14T06:34:08.048953+00:00,Social,3.76,22,70.77,Mobile,CA,0.0
2025-07-12T12:29:38.052333+00:00,Direct,0.78,1,57.76,Desktop,AU,0.0
2025-07-27T12:51:30.052798+00:00,Referral,2.29,17,66.85,Mobile,FR,0.0
2025-07-23T11:09:04.049794+00:00,Paid Search,3.21,16,20.65,Mobile,BR,0.0
2025-06-30T15:09:13.049915+00:00,Email,1.82,10,74.73,Tablet,AU,215.37
2025-07-13T11:58:53.047426+00:00,Referral,3.09,6,69.21,Desktop,FR,0.0
2025-07-26T21:49:54.052173+00:00,Referral,0.65,3,60.15,Desktop,GB,0.0
2025-06-30T09:30:25.047326+00:00,Paid Search,1.35,18,55.77,Desktop,BR,0.0
2025-07-22T11:59:51.050064+00:00,Paid Search,5.35,21,36.19,Desktop,DE,0.0
2025-07-11T11:06:18.048761+00:00,Direct,2.88,1,70.22,Mobile,CN,0.0
2025-07-16T00:42:18.049985+00:00,Display,0.2,5,85.67,Mobile,CN,0.0
2025-07-05T16:41:09.051647+00:00,Email,4.51,3,57.27,Mobile,CA,0.0
2025-07-24T10:00:40.049123+00:00,Display,2.28,20,53.47,Mobile,BR,0.0
2025-07-06T05:06:46.050357+00:00,Referral,4.0,8,65.7,Tablet,CA,0.0
2025-07-13T06:27:54.052669+00:00,Display,1.01,23,76.52,Mobile,FR,12.87
2025-07-19T06:55:01.051508+00:00,Direct,3.31,5,50.74,Desktop,JP,0.0
2025-07-07T12:14:51.049538+00:00,Paid Search,4.32,12,65.37,Mobile,AU,0.0
2025-07-05T16:18:28.051131+00:00,Paid Search,6.98,10,17.83,Mobile,FR,0.0
2025-07-07T13:20:50.053049+00:00,Organic,4.72,25,60.15,Mobile,IN,0.0
2025-07-17T22:13:15.050037+00:00,Referral,3.32,24,68.73,Desktop,JP,0.0
2025-07-08T00:33:16.048252+00:00,Display,1.41,1,68.77,Desktop,CA,0.0
2025-07-20T02:16:43.052913+00:00,Organic,3.62,22,66.37,Desktop,FR,0.0
2025-07-22T13:45:39.052168+00:00,Email,2.2,23,61.46,Mobile,JP,0.0
2025-07-11T05:59:57.051577+00:00,Direct,1.7,9,59.04,Mobile,DE,0.0
2025-07-03T00:18:43.051938+00:00,Display,0.59,15,83.32,Mobile,AU,0.0
2025-07-08T10:03:22.050691+00:00,Referral,3.67,13,12.75,Mobile,CN,0.0
2025-06-30T20:42:36.052908+00:00,Paid Search,2.55,17,20.58,Mobile,BR,0.0
2025-07-11T23:22:38.050970+00:00,Email,3.07,14,62.91,Mobile,IN,0.0
2025-07-26T18:10:18.047482+00:00,Display,1.73,13,90.56,Mobile,AU,0.0
2025-07-26T16:04:48.050953+00:00,Paid Search,2.12,5,54.73,Mobile,FR,0.0
2025-07-06T15:48:46.050503+00:00,Organic,0.05,21,50.84,Mobile,BR,0.0
2025-07-16T00:12:01.051840+00:00,Email,1.74,14,77.1,Mobile,US,0
2025-07-04T11:00:29.051915+00:00,Organic,0.05,21,28.35,Mobile,CN,0.0
2025-07-12T04:56:15.049041+00:00,Email,4.14,1,29.8,Desktop,CA,0.0
2025-06-30T19:26:03.052752+00:00,Referral,3.18,6,71.21,Mobile,BR,0.0
2025-07-19T01:29:04.048716+00:00,Organic,3.05,25,26.92,Mobile,GB,0.0
2025-07-09T11:55:23.050131+00:00,Organic,5.07,23,22.24,Mobile,IN,0.0
2025-07-21T18:57:40.051194+00:00,Display,0.05,23,58.55,Mobile,IN,0.0
2025-06-30T21:40:30.047723+00:00,Direct,1.9,11,65.74,Mobile,BR,0.0
2025-07-13T10:00:06.050679+00:00,Direct,4.08,23,78.0,Desktop,JP,0.0
2025-07-12T19:43:19.050736+00:00,Organic,0.05,24,60.93,Mobile,DE,0.0
2025-07-07T05:53:18.049001+00:00,Email,4.71,19,57.34,Mobile,BR,181.99
2025-07-01T04:35:11.050515+00:00,Social,1.34,12,98.47,Mobile,US,0.0
2025-07-05T21:04:50.049350+00:00,Direct,3.96,11,58.82,Tablet,FR,0.0
2025-07-03T12:24:46.050662+00:00,Display,0.05,23,83.94,Mobile,JP,2.5
2025-07-14T13:22:31.052588+00:00,Organic,0.05,20,45.38,Mobile,DE,0.0
2025-07-01T13:16:56.048959+00:00,Referral,2.39,14,61.98,Desktop,BR,0.0
2025-07-12T22:47:30.052375+00:00,Paid Search,5.54,21,21.21,Mobile,BR,0.0
2025-07-02T19:36:10.051148+00:00,Social,3.72,16,67.16,Mobile,CA,0.0
2025-07-23T11:55:07.046981+00:00,Direct,4.01,20,78.12,Mobile,DE,0.0
2025-07-21T10:03:08.047597+00:00,Display,0.47,15,73.57,Mobile,US,0.0
2025-07-14T06:19:01.052030+00:00,Referral,4.35,13,74.83,Mobile,FR,0.0
2025-07-27T03:35:13.051038+00:00,Display,0.05,9,77.01,Mobile,CA,0.0
2025-07-19T04:31:32.050709+00:00,Paid Search,0.05,12,17.91,Mobile,JP,0.0
2025-07-19T01:39:29.051189+00:00,Paid Search,4.46,20,52.18,Mobile,CN,0.0
2025-07-04T13:18:19.052552+00:00,Display,2.52,1,100,Mobile,US,0.0
2025-07-05T17:59:07.052886+00:00,Direct,0.09,22,41.38,Mobile,CA,0.0
2025-06-27T23:28:30.048855+00:00,Organic,2.77,25,60.33,Tablet,JP,0.0
2025-06-29T22:10:51.048675+00:00,Display,1.95,13,73.74,Tablet,FR,0.0
2025-07-10T03:14:38.048653+00:00,Social,1.81,13,55.95,Mobile,CA,0.0
2025-07-23T04:09:32.050701+00:00,Direct,3.87,12,30.56,Mobile,AU,0
2025-07-26T02:05:36.052350+00:00,Paid Search,3.53,25,53.21,Desktop,DE,0.0
2025-07-14T01:35:48.049100+00:00,Social,1.92,18,51.72,Mobile,JP,0.0
2025-07-15T17:25:11.051491+00:00,Paid Search,6.63,23,44.81,Desktop,DE,0.0
2025-07-10T00:04:09.052820+00:00,Social,2.46,12,54.0,Tablet,FR,0.0
2025-07-01T22:20:20.051283+00:00,Referral,4.55,9,38.81,Mobile,CA,0.0
2025-07-27T02:05:04.047504+00:00,Paid Search,6.32,14,28.09,Desktop,AU,0.0
2025-07-08T20:44:50.051876+00:00,Email,4.22,2,66.52,Mobile,IN,31.4
2025-07-21T11:50:45.050114+00:00,Organic,5.96,20,75.78,Mobile,IN,0.0
2025-07-20T07:30:46.052582+00:00,Social,2.49,17,65.39,Mobile,CA,0.0
2025-07-02T01:01:29.049864+00:00,Referral,3.46,7,42.81,Mobile,AU,0.0
2025-07-04T14:28:48.052746+00:00,Direct,3.59,19,53.38,Desktop,GB,66.95
2025-07-05T08:24:05.052122+00:00,Display,1.53,16,74.7,Desktop,FR,0.0
2025-07-17T19:16:12.048766+00:00,Organic,7.65,18,53.71,Desktop,US,0
2025-07-14T22:33:45.052529+00:00,Social,1.36,8,78.85,Mobile,BR,0.0
2025-07-22T12:29:04.052017+00:00,Direct,2.04,16,49.15,Desktop,FR,0
2025-07-07T23:13:16.049059+00:00,Paid Search,5.92,18,65.29,Mobile,BR,0.0
2025-07-11T02:33:56.051142+00:00,Organic,0.05,20,42.47,Tablet,FR,0.0
2025-07-23T03:53:36.049326+00:00,Social,2.92,20,70.3,Mobile,JP,0.0
2025-07-03T10:54:13.051750+00:00,Display,1.62,1,74.23,Mobile,AU,0.0
2025-07-25T18:40:29.047668+00:00,Social,0.05,3,86.47,Desktop,CN,0.0
2025-07-14T08:00:37.048607+00:00,Direct,3.79,7,62.69,Mobile,BR,0.0
2025-07-21T12:39:56.048286+00:00,Paid Search,2.26,25,41.56,Mobile,US,0.0
2025-07-06T11:37:29.047790+00:00,Referral,4.55,21,61.07,Mobile,DE,0.0
2025-07-21T18:17:32.051159+00:00,Organic,1.67,20,48.28,Desktop,US,0.0
2025-07-03T23:37:56.051605+00:00,Paid Search,6.63,16,50.77,Mobile,FR,0.0
2025-07-21T21:02:18.051871+00:00,Email,2.54,12,85.45,Mobile,AU,0.0
2025-07-22T13:13:55.050274+00:00,Email,0.6,7,77.05,Mobile,BR,0
2025-07-07T16:34:30.050747+00:00,Email,6.47,14,75.73,Desktop,AU,152.77
2025-07-17T03:39:53.049135+00:00,Direct,3.12,10,72.21,Mobile,BR,0.0
2025-07-18T08:00:11.049147+00:00,Email,6.24,2,74.32,Mobile,AU,0.0
2025-07-11T13:31:08.048919+00:00,Paid Search,0.05,10,40.49,Mobile,BR,0.0
2025-06-28T14:23:41.047579+00:00,Email,0.73,16,60.9,Tablet,AU,0.0
2025-07-02T06:28:17.047458+00:00,Social,0.05,24,75.86,Mobile,IN,0.0
2025-07-21T03:33:39.050826+00:00,Social,1.13,19,83.11,Mobile,DE,0.0
2025-07-10T01:01:46.052140+00:00,Email,0.05,11,70.07,Mobile,GB,0.0
2025-06-29T02:45:15.050080+00:00,Organic,4.49,18,49.45,Mobile,US,14.95
2025-06-28T21:39:48.050429+00:00,Social,3.91,14,80.1,Desktop,JP,0.0
2025-07-14T06:18:42.049163+00:00,Email,4.01,8,76.53,Tablet,CN,247.7
2025-07-15T21:27:49.051882+00:00,Referral,0.08,7,73.03,Mobile,JP,0.0
2025-07-01T03:01:14.051478+00:00,Organic,0.93,9,59.74,Tablet,FR,0
2025-07-01T09:14:10.048908+00:00,Referral,3.63,22,47.87,Mobile,IN,0.0
2025-07-13T00:38:54.052558+00:00,Referral,5.57,12,68.13,Desktop,GB,0.0
2025-07-26T08:25:25.050615+00:00,Paid Search,1.9,10,34.4,Mobile,US,107.03
2025-07-15T05:51:02.050724+00:00,Referral,2.54,3,67.71,Desktop,JP,0.0
2025-07-27T01:17:28.049213+00:00,Social,0.05,21,79.96,Mobile,GB,0.0
2025-06-30T05:49:01.051211+00:00,Organic,3.04,25,46.21,Mobile,US,0.0
2025-07-17T08:47:35.051835+00:00,Organic,5.19,15,53.38,Mobile,CN,0.0
2025-07-07T02:16:01.048535+00:00,Display,0.76,6,72.26,Desktop,AU,0.0
2025-07-22T04:52:30.049521+00:00,Direct,2.23,9,65.97,Tablet,IN,0.0
2025-07-05T06:38:52.050696+00:00,Direct,2.17,10,50.66,Mobile,CA,0.0
2025-06-30T20:01:18.049426+00:00,Organic,5.3,25,67.5,Mobile,BR,0.0
2025-06-29T12:27:01.052512+00:00,Referral,2.31,6,54.57,Mobile,DE,0.0
2025-07-23T11:50:22.050053+00:00,Paid Search,3.92,5,30.58,Desktop,FR,0.0
2025-07-09T11:08:33.049196+00:00,Email,0.05,14,79.01,Mobile,GB,0.0
2025-07-12T15:01:04.046947+00:00,Referral,2.64,20,79.57,Mobile,DE,0.0
2025-07-22T09:02:46.049065+00:00,Social,0.05,2,72.18,Mobile,BR,0.0
2025-06-29T13:47:36.048577+00:00,Social,0.05,14,56.07,Desktop,AU,0.0
2025-07-14T07:52:27.047320+00:00,Organic,2.81,25,56.91,Tablet,US,0.0
2025-07-07T16:09:40.049202+00:00,Social,0.05,1,84.18,Mobile,JP,0.0
2025-07-27T10:30:44.049083+00:00,Paid Search,4.57,25,25.84,Mobile,CN,0.0
2025-06-28T13:22:30.049314+00:00,Direct,3.88,19,41.86,Desktop,AU,0.0
2025-07-20T16:23:11.048514+00:00,Social,1.07,23,72.49,Mobile,IN,0.0
2025-07-15T01:00:57.047027+00:00,Direct,1.71,1,81.75,Desktop,IN,65.13
2025-07-08T03:43:26.048541+00:00,Organic,3.06,13,13.67,Mobile,FR,0.0
2025-07-21T02:01:32.050003+00:00,Referral,2.16,21,31.98,Mobile,FR,0.0
2025-07-09T13:12:30.052321+00:00,Paid Search,0.05,8,44.58,Mobile,CN,0.0
2025-07-03T16:01:49.051763+00:00,Referral,3.5,25,41.54,Tablet,IN,0.0
2025-07-01T02:01:34.048339+00:00,Referral,2.39,12,44.89,Mobile,AU,0.0
2025-07-10T08:37:31.049946+00:00,Direct,2.43,6,100,Desktop,BR,0.0
2025-07-05T20:21:09.051003+00:00,Referral,0.14,12,67.44,Desktop,CA,0.0
2025-07-26T06:48:12.052842+00:00,Email,4.31,12,65.58,Mobile,JP,0.0
2025-07-24T01:07:19.047847+00:00,Organic,3.28,25,68.78,Tablet,AU,0.0
2025-07-15T20:32:12.048280+00:00,Social,2.89,1,68.55,Desktop,GB,0.0
2025-07-03T23:05:27.050843+00:00,Paid Search,2.17,23,50.63,Mobile,DE,0.0
2025-07-05T00:17:39.050821+00:00,Referral,2.75,3,39.19,Mobile,CN,0.0
2025-07-09T08:49:47.052741+00:00,Referral,1.72,9,61.83,Mobile,US,0.0
2025-07-18T03:13:56.048012+00:00,Email,2.2,7,66.42,Mobile,CN,74.49
2025-06-29T21:31:45.047487+00:00,Referral,4.09,18,47.61,Mobile,GB,0.0
2025-07-23T11:46:31.049740+00:00,Email,5.9,9,73.88,Desktop,JP,0.0
2025-07-16T18:46:44.047288+00:00,Referral,0.05,15,79.04,Mobile,US,0.0
2025-07-22T11:05:30.050412+00:00,Referral,4.76,18,48.21,Desktop,CA,0.0
2025-07-21T15:33:45.052869+00:00,Email,0.05,4,92.81,Desktop,US,65.65
2025-07-03T05:57:30.051097+00:00,Referral,3.69,6,60.71,Mobile,CN,0.0
2025-07-07T13:12:14.051979+00:00,Social,2.78,7,75.53,Tablet,JP,0
2025-07-25T14:42:12.049175+00:00,Email,2.05,24,52.52,Desktop,IN,0.0
2025-07-05T19:02:55.049319+00:00,Paid Search,3.29,22,21.17,Mobile,CN,88.53
2025-07-15T04:38:50.048643+00:00,Direct,0.35,13,60.43,Tablet,US,0.0
2025-07-11T23:06:52.051246+00:00,Paid Search,6.86,3,36.59,Desktop,GB,0.0
2025-07-19T13:50:42.051734+00:00,Email,4.01,13,65.44,Mobile,US,70.99
2025-07-10T04:31:46.052184+00:00,Paid Search,0.05,21,38.25,Mobile,CA,0
2025-07-26T10:20:18.047767+00:00,Email,3.05,5,62.57,Desktop,BR,178.08
2025-07-02T01:40:23.048030+00:00,Referral,3.42,23,50.03,Mobile,JP,0.0
2025-07-21T09:11:09.047745+00:00,Direct,1.67,10,12.84,Mobile,DE,0.0
2025-07-06T10:57:43.048444+00:00,Paid Search,1.42,17,39.09,Desktop,GB,0.0
2025-07-25T06:44:16.048107+00:00,Social,2.79,10,56.8,Mobile,BR,0.0
2025-07-10T17:44:23.051755+00:00,Social,2.24,20,79.66,Tablet,GB,0.0
2025-07-05T19:26:21.048492+00:00,Email,4.66,3,69.46,Mobile,IN,0.0
2025-07-02T09:43:30.049158+00:00,Social,2.75,8,61.12,Mobile,BR,0.0
2025-07-23T08:39:46.052874+00:00,Display,0.05,22,83.02,Desktop,GB,0.0
2025-07-09T01:23:33.050541+00:00,Email,4.14,12,61.62,Mobile,DE,0.0
2025-07-08T04:32:16.052075+00:00,Paid Search,0.07,12,20.76,Mobile,CN,67.93
2025-07-27T07:23:38.053055+00:00,Email,4.45,12,70.45,Mobile,BR,0.0
2025-07-22T20:51:07.050329+00:00,Direct,0.72,1,73.72,Mobile,IN,0.0
2025-07-26T18:49:56.048001+00:00,Direct,2.48,5,51.29,Mobile,CN,0.0
2025-07-08T14:50:11.049745+00:00,Display,0.05,15,81.13,Tablet,CN,0.0
2025-07-16T02:14:33.046831+00:00,Display,0.78,23,70.53,Mobile,US,0.0
2025-07-24T00:00:36.051387+00:00,Direct,1.65,16,30.5,Desktop,DE,0.0
2025-07-23T15:41:51.052421+00:00,Referral,2.63,3,38.15,Mobile,DE,0.0
2025-07-18T17:02:38.049532+00:00,Display,0.05,1,79.97,Mobile,BR,0.0
2025-07-19T23:20:29.049875+00:00,Organic,2.48,25,46.08,Mobile,BR,45.46
2025-07-19T17:34:30.051955+00:00,Direct,1.09,18,55.47,Desktop,DE,0.0
2025-07-01T11:06:24.050344+00:00,Organic,3.67,20,21.96,Desktop,US,0.0
2025-07-19T10:36:33.047573+00:00,Social,0.05,4,53.21,Mobile,US,0.0
2025-07-27T02:14:38.047273+00:00,Organic,3.43,14,55.76,Mobile,CN,0.0
2025-06-29T08:41:46.047946+00:00,Social,1.03,4,85.79,Mobile,DE,10.06
2025-07-21T07:06:57.053002+00:00,Email,3.87,17,62.23,Desktop,GB,0.0
2025-07-23T15:20:24.047801+00:00,Paid Search,6.22,16,28.8,Mobile,CA,0
2025-07-16T13:46:38.048703+00:00,Referral,2.52,1,52.03,Desktop,US,0.0
2025-07-19T10:06:32.049921+00:00,Referral,2.03,16,42.34,Mobile,FR,71.07
2025-07-01T09:29:53.050142+00:00,Organic,4.6,8,44.75,Tablet,US,0.0
2025-07-11T14:30:12.052479+00:00,Organic,5.38,18,42.68,Mobile,CN,0.0
2025-07-06T18:29:41.053019+00:00,Paid Search,6.24,21,28.72,Tablet,US,79.7
2025-07-10T07:40:06.052619+00:00,Paid Search,1.84,6,34.82,Desktop,BR,0.0
2025-07-26T17:35:13.051350+00:00,Organic,6.29,25,46.94,Tablet,BR,0.0
2025-07-04T16:10:37.052315+00:00,Email,4.02,5,67.0,Mobile,GB,0.0
2025-07-02T03:41:12.050605+00:00,Referral,1.67,12,48.24,Mobile,AU,0.0
2025-06-30T06:21:48.048469+00:00,Paid Search,3.73,23,62.19,Mobile,CN,0.0
2025-07-23T00:30:02.048947+00:00,Direct,0.87,17,70.79,Desktop,IN,0.0
2025-07-14T08:13:11.050764+00:00,Display,0.91,1,80.59,Tablet,CN,0.0
2025-06-28T19:05:38.051999+00:00,Social,3.61,10,82.22,Mobile,US,0.0
2025-07-12T10:10:10.047493+00:00,Direct,3.45,8,42.88,Desktop,FR,0.0
2025-07-05T00:50:20.047399+00:00,Display,1.31,18,76.8,Mobile,BR,0.0
2025-07-13T10:25:51.048548+00:00,Referral,1.96,23,63.22,Desktop,US,0.0
2025-06-29T00:22:10.050394+00:00,Organic,4.22,9,45.83,Mobile,AU,0.0
2025-07-07T07:35:02.053037+00:00,Paid Search,2.37,23,40.44,Tablet,GB,95.78
2025-07-13T18:30:43.052976+00:00,Organic,2.69,10,41.71,Desktop,JP,0.0
2025-07-01T00:49:24.049280+00:00,Paid Search,6.84,25,42.99,Mobile,US,0.0
2025-07-27T01:53:37.052432+00:00,Direct,3.44,2,62.75,Tablet,BR,0.0
2025-07-11T19:21:43.051582+00:00,Display,1.65,21,84.62,Mobile,US,0.0
2025-07-10T10:21:27.052919+00:00,Display,0.89,22,59.07,Desktop,FR,0.0
2025-07-09T08:43:06.049472+00:00,Social,2.8,2,87.2,Mobile,GB,0.0
2025-07-17T12:12:24.052534+00:00,Direct,2.59,23,38.35,Mobile,JP,0.0
2025-07-06T17:02:56.048708+00:00,Display,1.49,2,62.74,Mobile,DE,0.0
2025-07-03T02:08:27.050286+00:00,Social,1.53,16,59.39,Mobile,FR,0.0
2025-07-10T16:20:50.050674+00:00,Display,0.24,4,70.79,Mobile,CA,0.0
2025-07-10T21:32:37.048589+00:00,Display,1.69,1,68.93,Mobile,US,0.0
2025-07-10T02:15:07.050552+00:00,Email,4.28,3,66.33,Tablet,DE,0.0
2025-07-14T16:36:47.048903+00:00,Referral,1.06,21,62.26,Mobile,DE,0.0
2025-07-27T01:46:12.052437+00:00,Paid Search,3.7,2,45.43,Mobile,CA,0.0
2025-07-16T01:23:16.050831+00:00,Social,0.05,22,64.21,Mobile,GB,20.97
2025-07-23T11:29:34.049230+00:00,Organic,1.43,24,52.34,Mobile,AU,46.89
2025-07-24T12:36:46.047370+00:00,Direct,1.18,6,66.76,Tablet,DE,0
2025-07-20T05:56:32.051503+00:00,Direct,3.01,15,66.68,Desktop,JP,0.0
2025-07-11T03:47:21.050593+00:00,Display,3.34,6,70.51,Desktop,GB,0.0
2025-07-19T18:23:07.051369+00:00,Email,0.05,20,72.19,Mobile,GB,0.0
2025-07-23T05:57:32.047388+00:00,Organic,7.22,5,52.66,Mobile,US,0.0
2025-07-09T19:47:30.049700+00:00,Organic,4.46,21,51.92,Desktop,JP,0.0
2025-07-05T20:17:08.050775+00:00,Social,4.33,16,60.23,Mobile,CN,0.0
2025-07-07T10:22:49.052518+00:00,Referral,3.68,25,33.01,Desktop,FR,0.0
2025-06-29T09:28:03.051653+00:00,Organic,3.07,23,38.48,Mobile,JP,0.0
2025-07-07T01:25:36.049781+00:00,Social,0.78,1,78.11,Desktop,BR,0.0
2025-07-08T22:13:20.051549+00:00,Referral,2.22,24,59.54,Desktop,DE,0.0
2025-07-08T13:19:12.047103+00:00,Direct,1.82,9,66.24,Tablet,BR,49.25
2025-07-15T06:47:08.048240+00:00,Email,2.55,19,35.58,Desktop,JP,4.91
2025-07-21T07:20:31.051967+00:00,Email,2.69,12,81.79,Mobile,JP,0.0
2025-06-29T04:22:07.049887+00:00,Paid Search,3.76,18,41.02,Desktop,GB,0.0
2025-07-26T07:46:50.047554+00:00,Display,0.98,1,62.06,Mobile,US,0.0
2025-07-12T18:42:59.051722+00:00,Social,0.05,21,64.75,Mobile,BR,0.0
2025-07-22T10:03:52.048984+00:00,Direct,0.17,21,74.03,Tablet,FR,0.0
2025-07-12T12:04:39.051398+00:00,Display,1.12,18,69.63,Desktop,BR,0.0
2025-07-16T14:13:54.051785+00:00,Direct,0.2,18,78.03,Mobile,FR,40.3
2025-07-05T09:56:22.051125+00:00,Organic,0.5,3,54.75,Mobile,FR,0.0
2025-07-19T00:47:46.047706+00:00,Direct,0.05,5,69.32,Tablet,CA,0.0
2025-07-07T06:22:55.049490+00:00,Direct,5.37,10,66.92,Mobile,AU,0.0
2025-07-04T23:50:25.050992+00:00,Organic,0.9,13,59.4,Mobile,JP,0.0
2025-07-04T08:05:38.051329+00:00,Social,2.02,11,86.57,Mobile,DE,0.0
2025-07-16T12:14:14.048263+00:00,Referral,1.25,24,72.58,Desktop,DE,0.0
2025-07-12T07:30:06.052570+00:00,Display,0.05,14,82.91,Desktop,IN,0.0
2025-07-21T08:09:54.052597+00:00,Direct,3.09,20,83.14,Desktop,JP,0.0
2025-07-04T04:57:41.051236+00:00,Display,1.5,2,90.37,Mobile,AU,0.0
2025-07-11T07:08:35.049419+00:00,Direct,2.36,17,86.79,Desktop,CN,0.0
2025-07-20T13:16:22.048596+00:00,Social,1.48,20,60.09,Mobile,FR,0.0
2025-07-21T23:35:48.050633+00:00,Paid Search,4.0,5,37.47,Mobile,BR,79.74
2025-07-23T02:45:35.051269+00:00,Organic,6.77,20,38.05,Mobile,CN,0.0
2025-07-19T03:58:22.047960+00:00,Paid Search,3.53,25,35.86,Mobile,FR,0.0
2025-07-19T12:56:17.052757+00:00,Organic,2.8,11,19.95,Mobile,CN,0.0
2025-07-04T08:40:06.051780+00:00,Email,0.05,23,51.81,Desktop,AU,0.0
2025-07-22T06:33:30.050136+00:00,Email,4.73,19,54.02,Tablet,JP,291.24
2025-07-24T12:27:20.047965+00:00,Referral,0.42,25,79.9,Mobile,BR,0.0
2025-07-04T00:43:10.047983+00:00,Social,1.8,16,67.36,Mobile,FR,0.0
2025-07-12T11:58:56.048390+00:00,Organic,3.68,23,28.03,Mobile,JP,0.0
2025-07-15T23:13:23.051973+00:00,Email,4.15,7,85.34,Desktop,JP,14.9
2025-07-23T00:25:50.050250+00:00,Paid Search,2.85,23,39.29,Mobile,IN,0.0
2025-07-06T10:51:01.050730+00:00,Referral,2.74,24,53.98,Mobile,DE,8.26
2025-06-29T08:46:54.048637+00:00,Referral,2.18,4,64.79,Tablet,GB,0.0
2025-07-21T11:40:15.052718+00:00,Social,0.62,8,43.29,Mobile,GB,0.0
2025-07-08T09:59:06.051433+00:00,Display,1.68,1,91.81,Desktop,IN,0.0
2025-07-24T03:22:16.048571+00:00,Social,1.04,21,57.36,Mobile,GB,0.0
2025-07-17T00:34:20.052484+00:00,Paid Search,2.75,5,27.31,Desktop,JP,0.0
2025-07-12T19:26:30.048525+00:00,Direct,1.2,17,45.38,Mobile,JP,0.0
2025-07-25T06:40:34.049593+00:00,Direct,2.77,24,81.74,Mobile,IN,0.0
2025-07-18T13:12:53.052969+00:00,Display,2.9,11,66.64,Desktop,JP,0.0
2025-07-05T07:56:34.051200+00:00,Display,1.44,14,74.5,Mobile,US,0.0
2025-07-17T22:46:40.048602+00:00,Email,1.21,8,60.97,Mobile,FR,0.0
2025-07-05T12:48:00.047440+00:00,Organic,2.64,11,55.21,Mobile,IN,0.0
2025-07-18T18:56:24.046919+00:00,Social,1.04,15,87.39,Desktop,CA,0.0
2025-07-20T01:21:15.052524+00:00,Referral,3.0,19,86.34,Mobile,CA,0.0
2025-07-23T02:36:28.048212+00:00,Direct,0.88,20,77.77,Desktop,JP,0.0
2025-07-12T19:50:14.051961+00:00,Direct,0.69,23,100,Desktop,US,109.44
2025-07-15T00:00:43.049077+00:00,Paid Search,9.05,12,20.99,Mobile,US,0.0
2025-07-27T01:59:58.048797+00:00,Social,4.44,16,65.63,Mobile,FR,0.0
2025-07-22T04:06:07.049169+00:00,Organic,2.58,21,63.59,Mobile,AU,0.0
2025-07-01T02:35:03.048200+00:00,Email,3.06,13,69.9,Tablet,CA,139.8
2025-07-01T23:45:59.051814+00:00,Email,0.05,17,79.72,Mobile,US,0
2025-07-23T16:32:54.050026+00:00,Social,0.99,17,69.28,Mobile,CN,0.0
2025-06-29T17:06:01.052355+00:00,Direct,4.6,25,94.29,Mobile,CN,0.0
2025-07-08T09:00:56.048990+00:00,Organic,7.83,4,43.79,Mobile,CN,0.0
2025-07-24T11:01:31.051682+00:00,Email,2.55,3,61.36,Tablet,CN,146.34
2025-07-19T14:13:20.049449+00:00,Display,0.51,21,81.03,Mobile,JP,0.0
2025-07-21T22:46:52.052576+00:00,Organic,3.04,15,50.15,Desktop,US,0.0
2025-07-07T11:41:44.050280+00:00,Email,3.04,8,48.52,Mobile,IN,0.0
2025-07-04T09:22:57.050576+00:00,Paid Search,4.25,8,54.33,Mobile,CA,0.0
2025-07-02T15:19:13.051049+00:00,Display,0.39,14,71.45,Mobile,CA,0.0
2025-07-21T03:06:14.049478+00:00,Social,2.56,10,49.39,Mobile,DE,0.0
2025-07-10T07:11:43.049089+00:00,Display,0.44,13,92.44,Mobile,CN,0.0
2025-07-08T19:06:40.050650+00:00,Organic,4.03,20,18.95,Desktop,AU,0.0
2025-06-28T07:54:52.050564+00:00,Email,4.65,15,87.06,Mobile,CN,0.0
2025-07-13T22:48:01.048970+00:00,Organic,3.34,21,44.8,Mobile,US,0.0
2025-07-23T09:42:59.048084+00:00,Direct,3.4,14,53.12,Mobile,JP,0.0
2025-07-03T07:33:09.050108+00:00,Social,1.84,21,55.55,Tablet,CA,0.0
2025-06-28T22:38:45.050304+00:00,Paid Search,5.16,8,35.97,Desktop,DE,0.0
2025-07-08T19:46:13.048497+00:00,Referral,0.05,16,44.9,Mobile,CN,0.0
2025-07-05T02:15:42.048395+00:00,Social,0.93,1,58.84,Mobile,GB,0.0
2025-07-06T10:16:33.051526+00:00,Social,1.84,10,62.61,Mobile,CN,0.0
2025-07-05T16:59:34.051072+00:00,Organic,4.0,4,42.55,Desktop,CA,0.0
2025-07-22T00:59:09.048475+00:00,Display,0.88,8,78.94,Desktop,BR,0.0
2025-07-25T22:43:11.051739+00:00,Referral,1.97,1,62.53,Desktop,US,0.0
2025-07-11T16:00:27.052415+00:00,Referral,1.19,15,52.01,Mobile,AU,0.0
2025-07-08T07:59:29.047536+00:00,Social,1.33,16,68.7,Tablet,CA,0.0
2025-06-30T11:45:36.053031+00:00,Organic,2.67,10,51.92,Desktop,JP,0.0
2025-07-27T02:52:17.048372+00:00,Email,1.84,12,53.91,Tablet,US,68.33
2025-07-22T15:15:26.047895+00:00,Referral,3.48,8,51.36,Mobile,JP,0.0
2025-07-09T17:58:25.049112+00:00,Organic,1.23,19,59.34,Tablet,JP,0.0
2025-07-25T08:15:40.048425+00:00,Paid Search,2.53,8,34.52,Mobile,US,0.0
2025-07-16T16:05:25.050758+00:00,Organic,4.16,8,9.35,Desktop,GB,0.0
2025-06-27T18:29:55.047332+00:00,Referral,0.07,6,63.14,Mobile,BR,0.0
2025-07-12T08:01:44.050931+00:00,Display,1.5,7,77.84,Desktop,CA,0.0
2025-07-17T14:53:06.048697+00:00,Organic,4.11,25,46.73,Mobile,GB,0.0
2025-07-01T15:56:56.050226+00:00,Email,0.56,9,61.66,Mobile,GB,174.87
2025-07-11T18:28:40.051312+00:00,Organic,4.2,7,74.72,Desktop,BR,0.0
2025-07-07T12:25:08.049846+00:00,Display,1.88,21,78.24,Mobile,FR,0.0
2025-06-30T17:52:03.050202+00:00,Paid Search,6.1,5,7.06,Mobile,GB,0.0
2025-07-03T07:50:01.048407+00:00,Email,0.95,24,57.36,Mobile,DE,0
2025-06-30T00:47:50.048841+00:00,Direct,4.13,2,59.15,Mobile,CA,0.0
2025-07-24T05:56:52.046876+00:00,Social,1.82,1,71.93,Desktop,FR,0.0
2025-07-20T06:18:02.048879+00:00,Paid Search,4.47,12,35.27,Mobile,FR,36.03
2025-07-21T03:18:01.052677+00:00,Organic,6.68,10,22.87,Mobile,US,0.0
2025-06-29T12:53:29.052087+00:00,Organic,4.22,21,56.34,Mobile,DE,0.0
2025-06-27T19:41:13.046998+00:00,Paid Search,8.31,15,42.82,Desktop,CA,0.0
2025-07-22T02:29:09.048931+00:00,Referral,2.93,24,45.08,Tablet,IN,0.0
2025-07-17T16:04:30.051301+00:00,Referral,3.88,3,90.82,Desktop,CA,0.0
2025-07-10T23:52:51.051593+00:00,Referral,3.81,10,51.37,Desktop,JP,17.94
2025-07-21T18:08:05.050986+00:00,Organic,4.07,7,20.65,Mobile,DE,0.0
2025-07-06T08:58:29.051217+00:00,Referral,3.01,11,41.7,Mobile,AU,0.0
2025-07-03T02:46:38.051588+00:00,Referral,2.6,15,51.29,Mobile,JP,0.0
2025-07-19T23:15:13.048733+00:00,Referral,3.26,20,78.89,Mobile,CA,0.0
2025-07-07T12:27:24.047988+00:00,Organic,3.74,21,31.13,Desktop,CN,0.0
2025-07-20T01:56:33.049973+00:00,Display,0.61,4,80.73,Mobile,IN,0.0
2025-07-22T15:34:15.047650+00:00,Display,2.64,3,83.33,Mobile,DE,0.0
2025-07-15T19:10:56.047411+00:00,Paid Search,5.09,20,24.71,Mobile,JP,0
2025-07-08T15:56:39.049724+00:00,Referral,1.29,10,40.36,Mobile,CA,0.0
2025-07-15T16:36:44.052134+00:00,Email,1.34,19,34.16,Mobile,US,21.1
2025-07-20T06:49:25.052630+00:00,Display,0.93,3,91.12,Mobile,CN,0.0
2025-07-22T03:32:15.050881+00:00,Organic,2.61,17,53.43,Mobile,CA,0.0
2025-07-27T11:44:16.048090+00:00,Organic,2.9,10,44.33,Tablet,BR,0.0
2025-06-28T15:46:05.049389+00:00,Display,0.3,1,82.34,Desktop,CA,0.0
2025-07-19T14:28:56.052010+00:00,Display,1.69,10,73.07,Mobile,IN,0.0
2025-07-22T18:29:09.049560+00:00,Email,0.09,14,63.34,Mobile,US,0.0
2025-07-14T01:41:23.050644+00:00,Paid Search,1.9,11,54.95,Desktop,GB,0.0
2025-07-11T08:41:35.049344+00:00,Social,1.79,1,47.27,Mobile,DE,0.0
2025-07-07T23:23:10.050370+00:00,Social,0.95,6,80.17,Mobile,CN,0.0
2025-07-06T08:33:13.052251+00:00,Paid Search,2.73,14,39.5,Desktop,CN,0.0
2025-07-12T04:15:22.047918+00:00,Display,1.21,6,94.91,Mobile,JP,0.0
2025-07-02T04:37:04.048102+00:00,Organic,3.73,20,42.39,Mobile,US,0.0
2025-07-06T18:47:36.049568+00:00,Referral,5.39,10,66.19,Mobile,CA,0.0
2025-07-27T07:18:29.051154+00:00,Display,1.71,9,69.77,Mobile,JP,0.0
2025-07-10T11:38:39.047566+00:00,Organic,4.53,10,46.72,Mobile,US,0.0
2025-07-13T14:37:43.050363+00:00,Organic,1.5,9,7.55,Mobile,DE,0.0
2025-07-24T07:54:39.052712+00:00,Social,1.14,13,58.33,Mobile,DE,0.0
2025-06-28T08:10:45.048413+00:00,Display,2.49,1,86.16,Desktop,CN,0.0
2025-07-10T16:47:52.050685+00:00,Paid Search,3.91,23,48.93,Mobile,BR,0.0
2025-07-25T10:53:20.047633+00:00,Paid Search,5.96,14,47.93,Mobile,IN,0.0
2025-07-06T11:31:10.050434+00:00,Email,4.36,4,86.84,Mobile,CA,0.0
2025-07-12T08:39:52.050337+00:00,Paid Search,0.85,9,47.71,Mobile,CA,0.0
2025-07-11T03:10:37.051641+00:00,Referral,2.69,10,68.79,Mobile,JP,0.0
2025-07-21T07:17:34.049401+00:00,Display,0.05,20,83.2,Desktop,FR,0.0
2025-06-30T07:53:16.051899+00:00,Paid Search,6.55,3,25.74,Mobile,DE,0.0
2025-07-15T04:11:20.051910+00:00,Organic,3.59,23,51.22,Desktop,CA,0.0
2025-06-30T19:05:46.048508+00:00,Organic,4.8,5,55.45,Desktop,GB,0.0
2025-06-29T21:06:00.049376+00:00,Paid Search,2.95,7,31.01,Mobile,FR,0.0
2025-07-02T18:19:39.052035+00:00,Email,2.94,25,73.74,Mobile,US,0.0
2025-07-23T06:15:58.050866+00:00,Social,1.15,23,64.95,Desktop,AU,0.0
2025-07-18T01:57:05.047306+00:00,Display,1.37,24,74.48,Desktop,GB,0.0
2025-07-20T08:00:15.051289+00:00,Organic,0.37,22,45.64,Desktop,AU,0.0
2025-07-22T17:22:12.052937+00:00,Email,3.68,14,75.41,Mobile,US,14.05
2025-07-27T02:23:32.050042+00:00,Referral,3.4,23,51.66,Mobile,GB,0.0
2025-07-03T03:26:30.049581+00:00,Direct,0.7,19,56.0,Desktop,AU,21.84
2025-07-27T04:07:57.052069+00:00,Direct,2.92,11,42.43,Mobile,BR,0.0
2025-07-05T05:16:31.046959+00:00,Social,2.9,7,82.1,Mobile,DE,0.0
2025-07-27T12:41:13.051560+00:00,Referral,0.82,11,51.82,Mobile,CN,0.0
2025-07-15T18:04:38.052929+00:00,Referral,3.58,16,50.31,Mobile,BR,0.0
2025-07-16T06:14:59.052506+00:00,Social,1.14,17,72.5,Mobile,CN,0.0
2025-07-23T20:30:12.050925+00:00,Organic,1.41,12,65.78,Mobile,IN,0.0
2025-07-05T00:58:53.049118+00:00,Direct,3.75,21,32.51,Mobile,DE,0.0
2025-07-24T06:24:27.047841+00:00,Referral,4.09,9,32.85,Mobile,GB,0.0
2025-07-11T17:09:47.051774+00:00,Referral,0.06,24,46.15,Mobile,IN,0.0
2025-07-10T21:27:23.052815+00:00,Organic,4.59,5,78.49,Mobile,CN,0.0
2025-07-25T16:24:35.049903+00:00,Direct,2.52,15,56.97,Desktop,CA,0.0
2025-06-29T17:51:27.049455+00:00,Organic,1.27,9,55.82,Mobile,AU,0.0
2025-07-26T18:51:04.047453+00:00,Email,5.11,8,74.63,Mobile,DE,0.0
2025-07-02T09:04:42.046935+00:00,Email,3.95,9,64.38,Mobile,IN,0.0
2025-07-13T02:14:07.047418+00:00,Direct,1.85,5,69.64,Mobile,CA,68.16
2025-06-30T06:09:31.051693+00:00,Email,1.39,5,61.33,Mobile,DE,0.0
2025-07-01T10:24:17.048785+00:00,Paid Search,8.48,23,37.76,Mobile,CN,0.0
2025-07-08T09:22:22.050498+00:00,Referral,0.05,10,43.33,Desktop,JP,0.0
2025-06-30T10:59:16.048458+00:00,Direct,1.85,15,58.05,Mobile,JP,0.0
2025-07-25T19:32:35.052769+00:00,Email,1.77,12,59.8,Tablet,JP,0.0
2025-06-27T22:44:05.052954+00:00,Organic,1.5,20,42.09,Tablet,CN,0.0
2025-07-15T18:41:11.047995+00:00,Referral,4.47,10,67.1,Tablet,IN,0.0
2025-07-09T01:33:48.052216+00:00,Paid Search,6.88,20,44.04,Mobile,AU,8.28
2025-07-14T05:42:21.052449+00:00,Referral,2.45,12,50.91,Mobile,GB,0.0
2025-06-27T14:30:09.050177+00:00,Paid Search,3.29,6,41.69,Mobile,CN,0
2025-07-27T08:52:17.050456+00:00,Email,5.73,12,79.64,Mobile,DE,0.0
2025-07-10T19:41:47.052256+00:00,Display,2.16,18,75.87,Mobile,IN,0.0
2025-07-25T11:50:04.047698+00:00,Email,1.59,13,83.73,Mobile,CN,202.9
2025-07-26T03:03:13.047517+00:00,Paid Search,1.01,14,46.15,Mobile,DE,0.0
2025-07-17T10:35:28.047877+00:00,Email,3.62,10,82.89,Mobile,CN,0
2025-07-25T04:45:21.049677+00:00,Referral,0.05,5,46.16,Desktop,IN,0.0
2025-06-29T20:29:24.052613+00:00,Referral,0.08,7,64.37,Mobile,FR,0.0
2025-07-14T10:20:11.052461+00:00,Email,3.46,25,55.85,Mobile,BR,0.0
2025-07-09T10:39:41.050887+00:00,Referral,3.65,24,59.59,Tablet,GB,10.09
2025-07-12T02:05:40.048913+00:00,Paid Search,1.0,14,42.38,Tablet,CN,0.0
2025-07-06T03:25:36.052565+00:00,Social,1.83,13,69.55,Mobile,BR,0.0
2025-07-20T06:29:14.048559+00:00,Social,1.64,8,75.97,Mobile,IN,0.0
2025-07-17T22:55:31.052402+00:00,Organic,3.47,20,20.41,Mobile,DE,0.0
2025-07-26T06:45:11.046941+00:00,Display,2.26,15,62.68,Mobile,DE,0.0
2025-07-01T07:49:10.048363+00:00,Referral,4.11,1,40.49,Tablet,GB,0.0
2025-06-29T12:16:09.052647+00:00,Social,3.49,23,53.05,Mobile,CN,0.0
2025-07-01T08:57:22.048520+00:00,Direct,3.94,4,81.84,Mobile,US,0.0
2025-07-27T08:24:38.047432+00:00,Organic,4.51,15,38.96,Mobile,CN,52.87
2025-07-07T02:08:20.051828+00:00,Email,3.83,25,56.0,Mobile,US,0.0
2025-07-01T17:16:52.050570+00:00,Direct,0.8,23,69.35,Desktop,CA,0.0
2025-07-07T12:28:58.052826+00:00,Direct,3.61,25,58.85,Desktop,AU,0.0
2025-07-14T16:33:44.051166+00:00,Social,0.05,15,84.72,Mobile,US,0.0
2025-06-30T21:58:11.049991+00:00,Direct,2.22,3,71.02,Desktop,IN,122.14
2025-07-21T14:03:38.051409+00:00,Display,2.0,20,71.47,Tablet,BR,0.0
2025-07-13T17:28:32.052278+00:00,Display,0.62,1,64.65,Desktop,CN,0.0
2025-07-11T12:58:14.051108+00:00,Display,0.28,1,82.8,Mobile,US,0.0
2025-07-01T11:30:56.046897+00:00,Email,0.05,9,41.94,Mobile,DE,0.0
2025-07-08T21:48:14.049495+00:00,Paid Search,7.14,8,52.9,Mobile,DE,0
2025-06-28T07:00:58.048873+00:00,Email,1.97,20,82.49,Mobile,CA,0.0
2025-07-18T12:36:50.051676+00:00,Referral,0.59,25,49.64,Tablet,US,0.0
2025-07-09T03:14:13.048648+00:00,Social,0.05,19,52.74,Mobile,JP,0.0
2025-07-20T00:02:49.048113+00:00,Social,0.81,21,78.05,Desktop,FR,0.0
2025-07-18T03:46:27.052426+00:00,Direct,2.93,3,55.31,Tablet,DE,0
2025-07-21T04:56:02.047871+00:00,Social,1.32,7,94.2,Mobile,CN,0.0
2025-07-11T10:59:28.048384+00:00,Referral,2.33,25,46.95,Mobile,GB,0.0
2025-07-06T06:08:55.051334+00:00,Social,1.19,8,80.29,Mobile,CN,0.0
2025-07-20T19:18:21.048756+00:00,Direct,1.62,13,30.24,Mobile,DE,0.0
2025-07-18T13:36:35.050031+00:00,Social,2.3,21,89.38,Mobile,CA,0.0
2025-07-14T07:20:38.048345+00:00,Direct,2.99,8,18.64,Mobile,GB,0.0
2025-07-05T06:04:33.051415+00:00,Social,1.16,22,68.04,Desktop,CA,0.0
2025-07-10T06:56:59.050160+00:00,Display,1.95,20,70.2,Desktop,AU,0.0
2025-06-28T17:07:51.051797+00:00,Organic,0.66,8,52.1,Mobile,FR,0.0
2025-07-24T01:45:34.052723+00:00,Organic,3.73,25,59.77,Mobile,FR,0.0
2025-07-27T09:29:22.050008+00:00,Organic,2.95,9,46.64,Mobile,CN,0.0
2025-06-28T13:01:56.047679+00:00,Organic,0.9,23,21.62,Tablet,IN,0.0
2025-07-09T15:02:13.052045+00:00,Direct,3.43,5,65.37,Mobile,CA,0.0
2025-07-11T05:52:26.046974+00:00,Referral,4.34,25,48.14,Desktop,GB,0.0
2025-07-15T14:22:13.050959+00:00,Organic,4.27,14,20.8,Mobile,JP,0.0
2025-07-11T07:15:21.047785+00:00,Display,0.24,17,78.58,Mobile,CN,0.0
2025-07-12T20:40:56.051987+00:00,Email,3.13,6,53.47,Mobile,GB,188.01
2025-07-05T00:11:19.049953+00:00,Display,0.17,22,71.53,Desktop,AU,0.0
2025-07-03T02:48:02.047935+00:00,Social,2.34,9,93.09,Mobile,JP,0.0
2025-07-03T02:19:42.049587+00:00,Organic,2.45,9,49.24,Mobile,JP,0.0
2025-07-14T18:01:53.049129+00:00,Email,0.05,24,77.99,Mobile,BR,0.0
2025-07-01T02:31:28.051264+00:00,Display,0.05,20,70.46,Mobile,CN,0.0
2025-07-04T21:07:47.051392+00:00,Display,0.05,10,69.32,Mobile,DE,0.0
2025-07-20T20:04:06.051565+00:00,Display,0.77,6,63.18,Mobile,DE,0.0
2025-07-08T07:55:12.050582+00:00,Direct,2.34,10,67.38,Mobile,IN,0.0
2025-06-27T15:34:30.052803+00:00,Display,1.32,4,85.76,Desktop,BR,0.0
2025-07-21T21:25:09.049757+00:00,Display,1.57,9,57.18,Desktop,DE,0.0
2025-07-05T14:08:02.052706+00:00,Organic,3.66,19,35.38,Mobile,AU,33.81
2025-07-20T15:52:25.051022+00:00,Referral,5.77,1,4.52,Mobile,CN,0.0
2025-07-03T23:26:27.051307+00:00,Direct,1.66,18,33.16,Desktop,IN,0.0
2025-06-28T11:21:31.051403+00:00,Social,1.06,13,71.83,Mobile,JP,0.0
2025-07-02T05:54:32.048182+00:00,Social,0.05,22,58.48,Desktop,DE,0.0
2025-07-26T22:58:38.051803+00:00,Direct,5.12,20,75.45,Mobile,IN,0.0
2025-07-14T14:11:44.049094+00:00,Direct,0.47,6,48.71,Mobile,BR,0.0
2025-07-01T06:00:03.048351+00:00,Organic,1.58,13,51.43,Mobile,IN,49.56
2025-06-27T19:40:56.047523+00:00,Display,3.28,18,82.32,Desktop,CA,0.0
2025-07-03T16:52:33.047017+00:00,Display,1.05,9,85.58,Mobile,DE,0.0
2025-07-17T11:49:49.049711+00:00,Paid Search,0.05,16,21.84,Mobile,DE,46.58
2025-07-22T01:33:38.050793+00:00,Email,3.23,6,56.04,Mobile,JP,0.0
2025-07-09T22:48:44.047560+00:00,Display,2.16,12,64.22,Desktop,US,0.0
2025-06-29T13:08:39.047929+00:00,Paid Search,7.88,9,48.08,Mobile,JP,0.0
2025-07-16T21:02:07.047281+00:00,Display,0.05,5,69.73,Tablet,IN,0.0
2025-07-26T23:25:27.052093+00:00,Display,2.65,21,80.1,Mobile,GB,0.0
2025-07-08T14:32:40.051687+00:00,Display,1.21,19,77.72,Mobile,FR,0.0
2025-07-02T07:26:53.049251+00:00,Social,2.7,2,76.19,Mobile,BR,0.0
2025-07-14T11:03:44.048744+00:00,Organic,4.07,11,63.8,Mobile,CA,0.0
2025-07-07T17:01:12.052775+00:00,Display,1.15,14,67.09,Mobile,IN,0.0
2025-07-17T16:24:41.050166+00:00,Referral,2.02,1,37.29,Desktop,BR,49.59
2025-07-07T13:11:26.049640+00:00,Display,2.69,24,71.91,Mobile,FR,0.0
2025-07-16T22:55:54.052145+00:00,Direct,0.05,18,29.16,Desktop,IN,0.0
2025-07-20T09:09:48.047350+00:00,Organic,2.96,16,39.39,Mobile,BR,2.94
2025-07-16T07:47:37.050376+00:00,Social,2.13,12,89.97,Mobile,CA,0.0
2025-07-13T23:41:26.047750+00:00,Direct,3.06,16,98.83,Mobile,CA,0.0
2025-07-01T23:40:58.051932+00:00,Display,0.4,10,65.43,Mobile,FR,0.0
2025-07-07T22:27:27.049997+00:00,Social,0.05,2,78.36,Mobile,AU,0.0
2025-07-07T03:45:07.053043+00:00,Email,4.13,4,67.76,Mobile,BR,119.51
2025-07-17T23:20:42.051451+00:00,Email,0.05,10,57.09,Tablet,CN,0.0
2025-07-26T21:28:11.050213+00:00,Referral,5.18,25,44.69,Mobile,US,0.0
2025-07-08T10:45:40.049467+00:00,Direct,4.0,22,33.74,Desktop,DE,0.0
2025-07-03T09:37:24.048721+00:00,Social,1.47,2,82.13,Mobile,CN,0.0
2025-07-22T08:15:02.051520+00:00,Organic,3.86,15,51.75,Tablet,AU,0.0
2025-07-08T01:46:22.051066+00:00,Email,4.01,3,56.58,Mobile,BR,201.27
2025-07-11T21:40:37.051808+00:00,Social,1.13,18,62.19,Mobile,CA,0.0
2025-07-07T21:16:21.051295+00:00,Social,2.13,5,59.35,Mobile,DE,0.0
2025-07-05T12:45:36.050388+00:00,Referral,3.73,9,86.03,Mobile,CN,0.0
2025-06-28T11:38:29.048530+00:00,Referral,2.07,13,82.88,Mobile,DE,0.0
2025-07-21T06:46:39.047447+00:00,Social,1.24,7,72.14,Desktop,BR,0.0
2025-07-17T12:35:19.053013+00:00,Email,4.7,11,79.06,Mobile,DE,0.0
2025-07-21T12:59:31.048942+00:00,Organic,2.77,22,49.52,Mobile,FR,0.0
2025-07-06T09:41:18.050190+00:00,Display,0.05,23,73.25,Desktop,FR,0.0
2025-07-04T01:12:38.050914+00:00,Display,4.28,7,75.43,Mobile,BR,0.0
2025-07-22T09:20:46.050153+00:00,Display,2.31,14,58.31,Mobile,DE,0.0
2025-07-02T23:37:34.049617+00:00,Organic,5.98,17,47.22,Desktop,US,38.74
2025-07-02T00:05:33.049297+00:00,Email,1.17,9,69.72,Mobile,BR,0.0
2025-06-28T21:19:18.048217+00:00,Organic,4.34,22,50.97,Mobile,AU,0.0
2025-07-08T04:11:06.047808+00:00,Display,1.14,3,68.11,Tablet,AU,0.0
2025-07-02T09:19:55.047628+00:00,Direct,2.94,2,72.45,Mobile,DE,0.0
2025-07-06T04:59:56.049383+00:00,Social,1.27,20,77.35,Mobile,CN,0.0
2025-07-02T13:53:42.050244+00:00,Paid Search,0.61,10,50.08,Mobile,FR,148.91
2025-07-08T16:01:39.050020+00:00,Display,1.1,1,72.2,Mobile,FR,0.0
2025-07-26T21:05:37.049881+00:00,Email,4.14,24,48.11,Mobile,FR,0
2025-07-14T19:58:08.052546+00:00,Email,1.32,25,77.3,Mobile,US,40.82
2025-07-09T17:25:32.048048+00:00,Referral,3.37,7,62.02,Mobile,CA,0.0
2025-07-03T23:55:04.047828+00:00,Social,3.66,9,56.76,Mobile,US,0.0
2025-07-18T01:50:06.051027+00:00,Paid Search,6.86,25,34.68,Mobile,CN,0.0
2025-07-16T10:11:13.050445+00:00,Display,1.45,16,51.14,Mobile,CN,0.0
2025-07-20T22:11:20.052995+00:00,Display,1.04,10,55.23,Desktop,JP,16.41
2025-07-08T11:08:14.049152+00:00,Direct,4.6,25,75.1,Mobile,CA,0.0
2025-07-02T20:44:11.048885+00:00,Organic,3.27,9,66.04,Mobile,JP,0.0
2025-07-17T05:12:36.047338+00:00,Display,2.27,10,79.43,Mobile,AU,0.0
2025-07-02T22:24:41.050621+00:00,Display,0.05,13,82.26,Mobile,GB,0.0
2025-07-04T15:31:03.051258+00:00,Display,0.39,7,79.39,Mobile,AU,0.0
2025-07-06T12:47:39.049544+00:00,Direct,1.28,10,66.38,Mobile,US,0.0
2025-07-10T07:30:57.050919+00:00,Display,0.05,9,78.85,Desktop,CA,0.0
2025-07-27T12:44:18.052111+00:00,Direct,0.23,3,66.66,Mobile,DE,0.0
2025-07-22T17:05:28.050526+00:00,Email,3.42,8,52.89,Mobile,AU,91.26
2025-07-09T16:44:45.051044+00:00,Referral,0.89,7,20.8,Mobile,US,0.0
2025-07-22T21:12:42.052473+00:00,Paid Search,4.18,9,25.05,Mobile,DE,0.0
2025-07-20T23:30:16.050400+00:00,Display,0.97,10,75.3,Tablet,BR,0.0
2025-07-09T02:03:56.047008+00:00,Direct,0.05,10,44.12,Mobile,BR,0.0
2025-06-27T15:09:00.052128+00:00,Email,1.97,6,79.89,Mobile,US,43.99
2025-07-04T11:54:17.047085+00:00,Social,0.2,20,89.37,Mobile,DE,0.0
2025-07-01T04:59:15.047717+00:00,Referral,1.68,11,56.13,Tablet,FR,0.0
2025-07-16T23:02:08.048681+00:00,Referral,1.4,23,75.52,Mobile,BR,0.0
2025-07-17T16:19:12.050610+00:00,Email,2.26,16,65.55,Mobile,CA,0.0
2025-07-25T21:34:32.048206+00:00,Email,1.94,7,62.15,Mobile,US,0.0
2025-06-28T00:13:50.049840+00:00,Paid Search,0.18,23,14.94,Desktop,GB,0.0
2025-07-22T04:43:37.050238+00:00,Direct,4.88,3,56.21,Desktop,BR,0.0
2025-07-16T21:51:59.048625+00:00,Paid Search,2.74,13,36.33,Mobile,GB,80.56
2025-07-18T17:08:31.050092+00:00,Referral,0.05,23,79.1,Tablet,AU,0.0
2025-06-29T06:19:09.051375+00:00,Paid Search,5.96,8,27.16,Tablet,BR,0.0
2025-07-01T08:42:26.049018+00:00,Direct,0.61,11,43.26,Desktop,CA,0.0
2025-07-17T23:51:19.049555+00:00,Referral,1.76,18,53.34,Mobile,IN,0.0
2025-07-11T01:31:33.050208+00:00,Social,1.32,20,87.24,Mobile,FR,0.0
2025-07-16T08:41:21.052466+00:00,Organic,1.98,9,63.22,Mobile,GB,82.78
2025-07-20T00:05:11.051943+00:00,Organic,0.05,19,43.26,Desktop,GB,0.0
2025-06-30T01:27:03.049624+00:00,Referral,0.05,25,42.19,Desktop,FR,0.0
2025-07-01T21:02:32.051993+00:00,Direct,2.94,18,67.91,Desktop,AU,0.0
2025-07-15T00:34:07.048631+00:00,Display,1.46,6,74.07,Mobile,GB,31.32
2025-07-21T20:00:16.052540+00:00,Email,2.38,22,72.31,Tablet,FR,43.64
2025-07-16T02:37:51.050810+00:00,Paid Search,3.05,23,44.97,Tablet,BR,0.0
2025-07-01T05:11:24.052284+00:00,Organic,0.92,19,25.31,Mobile,FR,4.72
2025-07-03T12:32:22.047859+00:00,Paid Search,6.03,21,46.42,Desktop,JP,0.0
2025-07-10T12:41:23.049262+00:00,Social,0.05,22,70.03,Mobile,CN,0.0
2025-07-10T05:15:35.052664+00:00,Social,2.23,11,68.27,Mobile,AU,0.0
2025-07-07T08:52:20.049735+00:00,Direct,5.51,7,90.18,Tablet,CA,0.0
2025-06-29T22:24:17.050195+00:00,Paid Search,1.5,14,51.87,Mobile,JP,0.0
2025-06-29T17:49:47.049774+00:00,Paid Search,2.41,19,36.62,Mobile,FR,100.05
2025-07-14T09:40:34.048171+00:00,Organic,6.06,13,49.05,Mobile,DE,0.0
2025-06-30T22:51:36.049371+00:00,Display,1.9,1,75.43,Mobile,IN,0.0
2025-07-02T09:07:40.047510+00:00,Organic,1.73,24,46.35,Tablet,JP,86.35
2025-07-17T17:48:13.049244+00:00,Social,0.63,7,71.04,Tablet,CN,0.0
2025-07-11T00:09:23.048065+00:00,Email,2.13,10,68.51,Desktop,US,192.79
2025-06-28T11:49:50.051710+00:00,Paid Search,4.31,20,32.67,Desktop,US,0.0
2025-06-29T04:51:43.048332+00:00,Paid Search,8.27,23,56.67,Desktop,JP,3.8
2025-07-05T06:13:30.048565+00:00,Paid Search,2.4,20,39.85,Mobile,US,0.0
2025-06-28T20:29:37.052056+00:00,Email,3.93,18,77.15,Mobile,AU,0.0
2025-07-25T22:27:49.051865+00:00,Referral,4.65,13,63.97,Mobile,GB,0.0
2025-07-08T20:56:54.050103+00:00,Social,0.05,14,63.38,Mobile,DE,0.0
2025-07-22T16:49:46.047382+00:00,Organic,2.89,20,68.37,Desktop,DE,0.0
2025-07-14T23:00:14.048815+00:00,Social,1.21,22,86.36,Mobile,DE,0.0
2025-07-15T03:19:34.052694+00:00,Direct,3.28,25,44.74,Mobile,CA,48.5
2025-07-11T18:13:42.052408+00:00,Paid Search,3.06,9,31.81,Mobile,US,59.61
2025-07-15T06:31:24.048659+00:00,Email,0.85,2,66.87,Desktop,AU,0.0
2025-07-04T02:41:05.046953+00:00,Referral,3.69,1,33.85,Mobile,DE,0.0
2025-07-19T11:10:30.052729+00:00,Paid Search,5.26,7,61.75,Mobile,FR,0.0
2025-07-04T20:21:53.052051+00:00,Social,3.78,16,82.12,Mobile,BR,0.0
2025-07-26T20:41:27.050975+00:00,Organic,5.12,7,44.65,Desktop,US,0.0
2025-07-17T14:37:39.050781+00:00,Display,0.05,22,75.66,Tablet,FR,29.88
2025-07-10T03:31:49.051600+00:00,Email,2.6,16,56.22,Mobile,DE,0.0
